investigation_id,entity_id,display_name,entity_type,segment,priority,case_state,due_hours,max_risk_score,rules_fired,typology_hypothesis,flagged_transactions,amount_involved_cad,evidence_references,recommended_next_step,decision_status,filing_status
INV-ENT-00060,ENT-00060,Becky Horton,individual,salaried,P0,SECOND-LEVEL REVIEW,4,70.0,R2_LAYERING,T02-LAYERING,10,293913.58,"R2_LAYERING: $146,627.62 inbound dispersed to 6 counterparties in 6 transfers within 28h, 97% passed through",Validate source of funds and counterparty purpose within four hours.,HUMAN DECISION REQUIRED,NOT ASSESSED OR FILED
INV-ENT-00104,ENT-00104,Philip Weaver,individual,salaried,P0,SECOND-LEVEL REVIEW,4,70.0,R3_SMURFING,T03-SMURFING,15,21841.54,"R3_SMURFING: 10 distinct senders paid in $15,463.94 over 42h, amounts within 7% of each other (avg $1,546.39) | R3_SMURFING: 11 distinct senders paid in $17,044.48 over 46h, amounts within 7% of each other (avg $1,549.50) | R3_SMURFING: 12 distinct senders paid in $18,695.16 over 50h, amounts within 7% of each other (avg $1,557.93) | R3_SMURFING: 13 distinct senders paid in $20,487.83 over 58h, amounts within 7% of each other (avg $1,575.99) | R3_SMURFING: 14 distinct senders paid in $21,655.73 over 68h, amounts within 10% of each other (avg $1,546.84) | R3_SMURFING: 8 distinct senders paid in $12,318.15 over 31h, amounts within 8% of each other (avg $1,539.77) | R3_SMURFING: 9 distinct senders paid in $13,883.34 over 38h, amounts within 7% of each other (avg $1,542.59)",Validate source of funds and counterparty purpose within four hours.,HUMAN DECISION REQUIRED,NOT ASSESSED OR FILED
INV-ENT-00125,ENT-00125,Natalie Romero,individual,self_employed,P0,SECOND-LEVEL REVIEW,4,70.0,R2_LAYERING,T02-LAYERING,8,195811.29,"R2_LAYERING: $100,095.93 inbound dispersed to 6 counterparties in 6 transfers within 32h, 95% passed through",Validate source of funds and counterparty purpose within four hours.,HUMAN DECISION REQUIRED,NOT ASSESSED OR FILED
INV-ENT-00189,ENT-00189,David Proctor,individual,salaried,P0,SECOND-LEVEL REVIEW,4,70.0,R2_LAYERING,T02-LAYERING,6,204085.45,"R2_LAYERING: $106,317.41 inbound dispersed to 5 counterparties in 5 transfers within 33h, 92% passed through",Validate source of funds and counterparty purpose within four hours.,HUMAN DECISION REQUIRED,NOT ASSESSED OR FILED
INV-ENT-00303,ENT-00303,Johnny Johnson,individual,salaried,P0,SECOND-LEVEL REVIEW,4,70.0,R2_LAYERING,T02-LAYERING,8,235206.4,"R2_LAYERING: $118,264.05 inbound dispersed to 5 counterparties in 5 transfers within 25h, 97% passed through",Validate source of funds and counterparty purpose within four hours.,HUMAN DECISION REQUIRED,NOT ASSESSED OR FILED
INV-ENT-00386,ENT-00386,Nathan Nelson,individual,salaried,P0,SECOND-LEVEL REVIEW,4,70.0,R5_DORMANT,T05-DORMANT,1,15512.77,"R5_DORMANT: $15,512.77 after 185 days of no activity, 12.6x the entity's historical average of $1,229.72",Validate source of funds and counterparty purpose within four hours.,HUMAN DECISION REQUIRED,NOT ASSESSED OR FILED
INV-ENT-00492,ENT-00492,Dr. Lori Rodriguez,individual,salaried,P0,SECOND-LEVEL REVIEW,4,70.0,R2_LAYERING,T02-LAYERING,9,204721.41,"R2_LAYERING: $102,540.53 inbound dispersed to 6 counterparties in 6 transfers within 32h, 95% passed through",Validate source of funds and counterparty purpose within four hours.,HUMAN DECISION REQUIRED,NOT ASSESSED OR FILED
INV-ENT-00589,ENT-00589,Laura White,individual,salaried,P0,SECOND-LEVEL REVIEW,4,70.0,R2_LAYERING,T02-LAYERING,5,175571.22,"R2_LAYERING: $92,080.43 inbound dispersed to 3 counterparties in 3 transfers within 34h, 91% passed through",Validate source of funds and counterparty purpose within four hours.,HUMAN DECISION REQUIRED,NOT ASSESSED OR FILED
INV-ENT-00644,ENT-00644,Joyce Larson,individual,salaried,P0,SECOND-LEVEL REVIEW,4,70.0,R4_ROUND_DOLLAR,T04-ROUND-DOLLAR,3,40000.0,"R4_ROUND_DOLLAR: $13,000.00 is an exact $1,000 multiple and 2.2 standard deviations above this entity's own historical average | R4_ROUND_DOLLAR: $18,000.00 is an exact $1,000 multiple and 8.3 standard deviations above this entity's own historical average | R4_ROUND_DOLLAR: $9,000.00 is an exact $1,000 multiple and 11.4 standard deviations above this entity's own historical average",Validate source of funds and counterparty purpose within four hours.,HUMAN DECISION REQUIRED,NOT ASSESSED OR FILED
INV-ENT-00678,ENT-00678,Tyrone Bishop,individual,salaried,P0,SECOND-LEVEL REVIEW,4,70.0,R3_SMURFING,T03-SMURFING,17,22104.25,"R3_SMURFING: 10 distinct senders paid in $13,252.35 over 64h, amounts within 30% of each other (avg $1,325.23) | R3_SMURFING: 11 distinct senders paid in $13,574.24 over 48h, amounts within 12% of each other (avg $1,234.02) | R3_SMURFING: 11 distinct senders paid in $14,643.26 over 65h, amounts within 28% of each other (avg $1,331.21) | R3_SMURFING: 12 distinct senders paid in $14,680.11 over 54h, amounts within 12% of each other (avg $1,223.34) | R3_SMURFING: 13 distinct senders paid in $15,710.89 over 57h, amounts within 12% of each other (avg $1,208.53) | R3_SMURFING: 14 distinct senders paid in $17,023.87 over 59h, amounts within 12% of each other (avg $1,215.99) | R3_SMURFING: 15 distinct senders paid in $18,493.57 over 65h, amounts within 13% of each other (avg $1,232.90) | R3_SMURFI",Validate source of funds and counterparty purpose within four hours.,HUMAN DECISION REQUIRED,NOT ASSESSED OR FILED
INV-ENT-00687,ENT-00687,Terry Austin,individual,salaried,P0,SECOND-LEVEL REVIEW,4,70.0,R4_ROUND_DOLLAR,T04-ROUND-DOLLAR,6,73000.0,"R4_ROUND_DOLLAR: $13,000.00 is an exact $1,000 multiple and 3.2 standard deviations above this entity's own historical average | R4_ROUND_DOLLAR: $14,000.00 is an exact $1,000 multiple and 9.1 standard deviations above this entity's own historical average | R4_ROUND_DOLLAR: $16,000.00 is an exact $1,000 multiple and 3.7 standard deviations above this entity's own historical average | R4_ROUND_DOLLAR: $17,000.00 is an exact $1,000 multiple and 6.2 standard deviations above this entity's own historical average | R4_ROUND_DOLLAR: $6,000.00 is an exact $1,000 multiple and 6.5 standard deviations above this entity's own historical average | R4_ROUND_DOLLAR: $7,000.00 is an exact $1,000 multiple and 5.2 standard deviations above this entity's own historical average",Validate source of funds and counterparty purpose within four hours.,HUMAN DECISION REQUIRED,NOT ASSESSED OR FILED
INV-ENT-00862,ENT-00862,Brenda Espinoza,individual,salaried,P0,SECOND-LEVEL REVIEW,4,70.0,R2_LAYERING,T02-LAYERING,6,207829.68,"R2_LAYERING: $104,088.64 inbound dispersed to 4 counterparties in 4 transfers within 34h, 98% passed through",Validate source of funds and counterparty purpose within four hours.,HUMAN DECISION REQUIRED,NOT ASSESSED OR FILED
INV-ENT-00882,ENT-00882,Krista Velasquez,individual,retired,P0,SECOND-LEVEL REVIEW,4,70.0,R3_SMURFING,T03-SMURFING,14,24695.17,"R3_SMURFING: 10 distinct senders paid in $18,172.41 over 44h, amounts within 12% of each other (avg $1,817.24) | R3_SMURFING: 11 distinct senders paid in $19,743.58 over 54h, amounts within 12% of each other (avg $1,794.87) | R3_SMURFING: 12 distinct senders paid in $21,209.90 over 56h, amounts within 13% of each other (avg $1,767.49) | R3_SMURFING: 13 distinct senders paid in $22,928.78 over 57h, amounts within 12% of each other (avg $1,763.75) | R3_SMURFING: 14 distinct senders paid in $24,695.17 over 64h, amounts within 12% of each other (avg $1,763.94) | R3_SMURFING: 8 distinct senders paid in $15,043.00 over 35h, amounts within 9% of each other (avg $1,880.38) | R3_SMURFING: 9 distinct senders paid in $16,395.91 over 42h, amounts within 12% of each other (avg $1,821.77)",Validate source of funds and counterparty purpose within four hours.,HUMAN DECISION REQUIRED,NOT ASSESSED OR FILED
INV-ENT-00891,ENT-00891,Samantha Kennedy,individual,salaried,P0,SECOND-LEVEL REVIEW,4,70.0,R5_DORMANT,T05-DORMANT,1,32402.07,"R5_DORMANT: $32,402.07 after 161 days of no activity, 13.9x the entity's historical average of $2,331.55",Validate source of funds and counterparty purpose within four hours.,HUMAN DECISION REQUIRED,NOT ASSESSED OR FILED
INV-ENT-00902,ENT-00902,Brett Shah,individual,self_employed,P0,SECOND-LEVEL REVIEW,4,70.0,R3_SMURFING,T03-SMURFING,14,15941.19,"R3_SMURFING: 10 distinct senders paid in $11,197.32 over 26h, amounts within 12% of each other (avg $1,119.73) | R3_SMURFING: 11 distinct senders paid in $12,154.78 over 33h, amounts within 13% of each other (avg $1,104.98) | R3_SMURFING: 12 distinct senders paid in $13,137.46 over 46h, amounts within 13% of each other (avg $1,094.79) | R3_SMURFING: 13 distinct senders paid in $14,299.80 over 59h, amounts within 12% of each other (avg $1,099.98) | R3_SMURFING: 8 distinct senders paid in $8,750.80 over 26h, amounts within 13% of each other (avg $1,093.85) | R3_SMURFING: 9 distinct senders paid in $9,919.87 over 26h, amounts within 12% of each other (avg $1,102.21)",Validate source of funds and counterparty purpose within four hours.,HUMAN DECISION REQUIRED,NOT ASSESSED OR FILED
INV-ENT-00918,ENT-00918,Emily Clark,individual,salaried,P0,SECOND-LEVEL REVIEW,4,70.0,R4_ROUND_DOLLAR,T04-ROUND-DOLLAR,4,65000.0,"R4_ROUND_DOLLAR: $10,000.00 is an exact $1,000 multiple and 10.5 standard deviations above this entity's own historical average | R4_ROUND_DOLLAR: $15,000.00 is an exact $1,000 multiple and 2.1 standard deviations above this entity's own historical average | R4_ROUND_DOLLAR: $19,000.00 is an exact $1,000 multiple and 3.6 standard deviations above this entity's own historical average | R4_ROUND_DOLLAR: $21,000.00 is an exact $1,000 multiple and 9.6 standard deviations above this entity's own historical average",Validate source of funds and counterparty purpose within four hours.,HUMAN DECISION REQUIRED,NOT ASSESSED OR FILED
INV-ENT-00982,ENT-00982,Allen Lee,individual,salaried,P0,SECOND-LEVEL REVIEW,4,70.0,R3_SMURFING,T03-SMURFING,11,18140.64,"R3_SMURFING: 10 distinct senders paid in $16,306.02 over 61h, amounts within 6% of each other (avg $1,630.60) | R3_SMURFING: 11 distinct senders paid in $18,140.64 over 64h, amounts within 7% of each other (avg $1,649.15) | R3_SMURFING: 8 distinct senders paid in $12,903.44 over 45h, amounts within 5% of each other (avg $1,612.93) | R3_SMURFING: 9 distinct senders paid in $14,705.41 over 52h, amounts within 6% of each other (avg $1,633.93)",Validate source of funds and counterparty purpose within four hours.,HUMAN DECISION REQUIRED,NOT ASSESSED OR FILED
INV-ENT-01150,ENT-01150,"Young, Lopez and Mccarthy 0100",business,ecommerce,P0,SECOND-LEVEL REVIEW,4,70.0,R2_LAYERING,T02-LAYERING,6,156431.02,"R2_LAYERING: $72,763.91 inbound dispersed to 3 counterparties in 3 transfers within 31h, 95% passed through",Validate source of funds and counterparty purpose within four hours.,HUMAN DECISION REQUIRED,NOT ASSESSED OR FILED
INV-ENT-01203,ENT-01203,"Evans, Gilbert and Mercado 0153",business,wholesale,P0,SECOND-LEVEL REVIEW,4,70.0,R2_LAYERING,T02-LAYERING,22,460868.86,"R2_LAYERING: $129,156.32 inbound dispersed to 5 counterparties in 5 transfers within 35h, 95% passed through | R2_LAYERING: $22,810.92 inbound dispersed to 6 counterparties in 6 transfers within 47h, 185% passed through",Validate source of funds and counterparty purpose within four hours.,HUMAN DECISION REQUIRED,NOT ASSESSED OR FILED
INV-ENT-01228,ENT-01228,"Martin, Castro and Ross 0178",business,wholesale,P0,SECOND-LEVEL REVIEW,4,70.0,R2_LAYERING,T02-LAYERING,10,81033.59,"R2_LAYERING: $34,309.89 inbound dispersed to 5 counterparties in 8 transfers within 19h, 91% passed through",Validate source of funds and counterparty purpose within four hours.,HUMAN DECISION REQUIRED,NOT ASSESSED OR FILED
INV-ENT-01270,ENT-01270,"Lopez, Martinez and Evans 0220",business,retail_cash_intensive,P0,SECOND-LEVEL REVIEW,4,70.0,R3_SMURFING,T03-SMURFING,25,57402.08,"R3_SMURFING: 10 distinct senders paid in $5,480.86 over 28h, amounts within 11% of each other (avg $548.09) | R3_SMURFING: 11 distinct senders paid in $6,204.58 over 32h, amounts within 14% of each other (avg $564.05) | R3_SMURFING: 12 distinct senders paid in $6,716.03 over 45h, amounts within 13% of each other (avg $559.67) | R3_SMURFING: 13 distinct senders paid in $7,214.45 over 50h, amounts within 13% of each other (avg $554.96) | R3_SMURFING: 14 distinct senders paid in $7,676.12 over 51h, amounts within 14% of each other (avg $548.29) | R3_SMURFING: 15 distinct senders paid in $8,292.88 over 58h, amounts within 14% of each other (avg $552.86) | R3_SMURFING: 16 distinct senders paid in $8,885.88 over 60h, amounts within 13% of each other (avg $555.37) | R3_SMURFING: 17 distinct sende",Validate source of funds and counterparty purpose within four hours.,HUMAN DECISION REQUIRED,NOT ASSESSED OR FILED
INV-ENT-01289,ENT-01289,"Randall, Valenzuela and Conner 0239",business,wholesale,P0,SECOND-LEVEL REVIEW,4,70.0,R4_ROUND_DOLLAR,T04-ROUND-DOLLAR,12,277317.26,"R4_ROUND_DOLLAR: $40,000.00 is an exact $1,000 multiple and 2.0 standard deviations above this entity's own historical average | R4_ROUND_DOLLAR: $56,000.00 is an exact $1,000 multiple and 3.1 standard deviations above this entity's own historical average | R4_ROUND_DOLLAR: $67,000.00 is an exact $1,000 multiple and 3.5 standard deviations above this entity's own historical average",Validate source of funds and counterparty purpose within four hours.,HUMAN DECISION REQUIRED,NOT ASSESSED OR FILED
INV-ENT-01292,ENT-01292,"Palmer, Berry and Roach 0242",business,professional_services,P0,SECOND-LEVEL REVIEW,4,70.0,R3_SMURFING,T03-SMURFING,12,11889.13,"R3_SMURFING: 10 distinct senders paid in $9,156.41 over 60h, amounts within 12% of each other (avg $915.64) | R3_SMURFING: 11 distinct senders paid in $10,026.79 over 70h, amounts within 11% of each other (avg $911.53) | R3_SMURFING: 11 distinct senders paid in $10,995.55 over 66h, amounts within 29% of each other (avg $999.60) | R3_SMURFING: 8 distinct senders paid in $7,277.77 over 49h, amounts within 13% of each other (avg $909.72) | R3_SMURFING: 9 distinct senders paid in $8,281.65 over 54h, amounts within 12% of each other (avg $920.18)",Validate source of funds and counterparty purpose within four hours.,HUMAN DECISION REQUIRED,NOT ASSESSED OR FILED
INV-ENT-01393,ENT-01393,"Donovan, Buck and Rogers 0343",business,wholesale,P0,SECOND-LEVEL REVIEW,4,70.0,R5_DORMANT,T05-DORMANT,7,242716.15,"R5_DORMANT: $106,302.27 after 164 days of no activity, 13.7x the entity's historical average of $7,769.02",Validate source of funds and counterparty purpose within four hours.,HUMAN DECISION REQUIRED,NOT ASSESSED OR FILED
INV-ENT-01460,ENT-01460,Kim-Johnson 0410,business,wholesale,P0,SECOND-LEVEL REVIEW,4,70.0,R3_SMURFING,T03-SMURFING,21,141229.36,"R3_SMURFING: 10 distinct senders paid in $14,215.43 over 26h, amounts within 17% of each other (avg $1,421.54) | R3_SMURFING: 11 distinct senders paid in $15,788.39 over 32h, amounts within 16% of each other (avg $1,435.31) | R3_SMURFING: 12 distinct senders paid in $17,182.43 over 44h, amounts within 16% of each other (avg $1,431.87) | R3_SMURFING: 13 distinct senders paid in $18,355.11 over 60h, amounts within 16% of each other (avg $1,411.93) | R3_SMURFING: 14 distinct senders paid in $19,630.23 over 64h, amounts within 16% of each other (avg $1,402.16) | R3_SMURFING: 8 distinct senders paid in $11,241.17 over 23h, amounts within 19% of each other (avg $1,405.15) | R3_SMURFING: 9 distinct senders paid in $12,715.43 over 24h, amounts within 18% of each other (avg $1,412.83)",Validate source of funds and counterparty purpose within four hours.,HUMAN DECISION REQUIRED,NOT ASSESSED OR FILED
INV-ENT-01468,ENT-01468,Mcintyre-Pittman 0418,business,wholesale,P0,SECOND-LEVEL REVIEW,4,70.0,R2_LAYERING,T02-LAYERING,17,382197.56,"R2_LAYERING: $113,527.96 inbound dispersed to 5 counterparties in 5 transfers within 35h, 108% passed through",Validate source of funds and counterparty purpose within four hours.,HUMAN DECISION REQUIRED,NOT ASSESSED OR FILED
INV-ENT-01494,ENT-01494,"Fox, Ross and Brown 0444",business,wholesale,P0,SECOND-LEVEL REVIEW,4,70.0,R5_DORMANT,T05-DORMANT,10,273220.07,"R5_DORMANT: $72,653.66 after 116 days of no activity, 12.6x the entity's historical average of $5,767.00",Validate source of funds and counterparty purpose within four hours.,HUMAN DECISION REQUIRED,NOT ASSESSED OR FILED
INV-ENT-00120,ENT-00120,Eric Howard,individual,salaried,P0,SECOND-LEVEL REVIEW,4,69.9,R5_DORMANT,T05-DORMANT,1,22356.11,"R5_DORMANT: $22,356.11 after 118 days of no activity, 14.2x the entity's historical average of $1,578.58",Validate source of funds and counterparty purpose within four hours.,HUMAN DECISION REQUIRED,NOT ASSESSED OR FILED
INV-ENT-00130,ENT-00130,Michael Smith,individual,gig,P0,SECOND-LEVEL REVIEW,4,69.9,R4_ROUND_DOLLAR,T04-ROUND-DOLLAR,5,8052.06,"R4_ROUND_DOLLAR: $2,000.00 is an exact $1,000 multiple and 3.4 standard deviations above this entity's own historical average | R4_ROUND_DOLLAR: $2,000.00 is an exact $1,000 multiple and 3.8 standard deviations above this entity's own historical average | R4_ROUND_DOLLAR: $2,000.00 is an exact $1,000 multiple and 4.8 standard deviations above this entity's own historical average | R4_ROUND_DOLLAR: $2,000.00 is an exact $1,000 multiple and 6.7 standard deviations above this entity's own historical average",Validate source of funds and counterparty purpose within four hours.,HUMAN DECISION REQUIRED,NOT ASSESSED OR FILED
INV-ENT-00149,ENT-00149,Joseph Johnson,individual,salaried,P0,SECOND-LEVEL REVIEW,4,69.9,R3_SMURFING,T03-SMURFING,12,21946.79,"R3_SMURFING: 10 distinct senders paid in $15,809.71 over 42h, amounts within 11% of each other (avg $1,580.97) | R3_SMURFING: 11 distinct senders paid in $17,230.02 over 44h, amounts within 11% of each other (avg $1,566.37) | R3_SMURFING: 8 distinct senders paid in $12,845.88 over 34h, amounts within 9% of each other (avg $1,605.73) | R3_SMURFING: 9 distinct senders paid in $14,136.78 over 35h, amounts within 11% of each other (avg $1,570.75)",Validate source of funds and counterparty purpose within four hours.,HUMAN DECISION REQUIRED,NOT ASSESSED OR FILED
INV-ENT-00197,ENT-00197,Elaine Love,individual,salaried,P0,SECOND-LEVEL REVIEW,4,69.9,R1_STRUCTURING,T01-STRUCTURING,6,54340.8,"R1_STRUCTURING: 6 cash deposits totalling $54,340.80 in 6.1 days, each between $7,500 and $10,000",Validate source of funds and counterparty purpose within four hours.,HUMAN DECISION REQUIRED,NOT ASSESSED OR FILED
INV-ENT-00210,ENT-00210,Zachary Thomas,individual,salaried,P0,SECOND-LEVEL REVIEW,4,69.9,R3_SMURFING,T03-SMURFING,10,14961.66,"R3_SMURFING: 10 distinct senders paid in $14,961.66 over 50h, amounts within 7% of each other (avg $1,496.17) | R3_SMURFING: 8 distinct senders paid in $11,924.14 over 40h, amounts within 8% of each other (avg $1,490.52) | R3_SMURFING: 9 distinct senders paid in $13,391.27 over 43h, amounts within 7% of each other (avg $1,487.92)",Validate source of funds and counterparty purpose within four hours.,HUMAN DECISION REQUIRED,NOT ASSESSED OR FILED
INV-ENT-00248,ENT-00248,Joel Williams,individual,salaried,P0,SECOND-LEVEL REVIEW,4,69.9,R5_DORMANT,T05-DORMANT,1,11534.89,"R5_DORMANT: $11,534.89 after 184 days of no activity, 8.9x the entity's historical average of $1,301.65",Validate source of funds and counterparty purpose within four hours.,HUMAN DECISION REQUIRED,NOT ASSESSED OR FILED
INV-ENT-00289,ENT-00289,Amber Knapp,individual,salaried,P0,SECOND-LEVEL REVIEW,4,69.9,R5_DORMANT,T05-DORMANT,1,16076.09,"R5_DORMANT: $16,076.09 after 103 days of no activity, 13.9x the entity's historical average of $1,154.33",Validate source of funds and counterparty purpose within four hours.,HUMAN DECISION REQUIRED,NOT ASSESSED OR FILED
INV-ENT-00333,ENT-00333,Derek Sanders,individual,salaried,P0,SECOND-LEVEL REVIEW,4,69.9,R2_LAYERING,T02-LAYERING,9,173040.83,"R2_LAYERING: $88,127.59 inbound dispersed to 6 counterparties in 7 transfers within 30h, 94% passed through",Validate source of funds and counterparty purpose within four hours.,HUMAN DECISION REQUIRED,NOT ASSESSED OR FILED
INV-ENT-00387,ENT-00387,Victor Clark,individual,salaried,P0,SECOND-LEVEL REVIEW,4,69.9,R4_ROUND_DOLLAR,T04-ROUND-DOLLAR,7,90000.0,"R4_ROUND_DOLLAR: $11,000.00 is an exact $1,000 multiple and 6.3 standard deviations above this entity's own historical average | R4_ROUND_DOLLAR: $14,000.00 is an exact $1,000 multiple and 2.3 standard deviations above this entity's own historical average | R4_ROUND_DOLLAR: $16,000.00 is an exact $1,000 multiple and 3.8 standard deviations above this entity's own historical average | R4_ROUND_DOLLAR: $17,000.00 is an exact $1,000 multiple and 3.4 standard deviations above this entity's own historical average | R4_ROUND_DOLLAR: $18,000.00 is an exact $1,000 multiple and 7.3 standard deviations above this entity's own historical average | R4_ROUND_DOLLAR: $6,000.00 is an exact $1,000 multiple and 3.4 standard deviations above this entity's own historical average | R4_ROUND_DOLLAR: $8,000.00 ",Validate source of funds and counterparty purpose within four hours.,HUMAN DECISION REQUIRED,NOT ASSESSED OR FILED
INV-ENT-00454,ENT-00454,Michael York,individual,gig,P0,SECOND-LEVEL REVIEW,4,69.9,R4_ROUND_DOLLAR,T04-ROUND-DOLLAR,5,7000.0,"R4_ROUND_DOLLAR: $1,000.00 is an exact $1,000 multiple and 2.1 standard deviations above this entity's own historical average | R4_ROUND_DOLLAR: $1,000.00 is an exact $1,000 multiple and 2.2 standard deviations above this entity's own historical average | R4_ROUND_DOLLAR: $2,000.00 is an exact $1,000 multiple and 17.7 standard deviations above this entity's own historical average | R4_ROUND_DOLLAR: $2,000.00 is an exact $1,000 multiple and 6.7 standard deviations above this entity's own historical average",Validate source of funds and counterparty purpose within four hours.,HUMAN DECISION REQUIRED,NOT ASSESSED OR FILED
INV-ENT-00496,ENT-00496,Steven Ferguson,individual,salaried,P0,SECOND-LEVEL REVIEW,4,69.9,R4_ROUND_DOLLAR,T04-ROUND-DOLLAR,4,58000.0,"R4_ROUND_DOLLAR: $12,000.00 is an exact $1,000 multiple and 3.3 standard deviations above this entity's own historical average | R4_ROUND_DOLLAR: $19,000.00 is an exact $1,000 multiple and 2.9 standard deviations above this entity's own historical average | R4_ROUND_DOLLAR: $19,000.00 is an exact $1,000 multiple and 4.1 standard deviations above this entity's own historical average",Validate source of funds and counterparty purpose within four hours.,HUMAN DECISION REQUIRED,NOT ASSESSED OR FILED
INV-ENT-00522,ENT-00522,Ashley Harrison,individual,gig,P0,SECOND-LEVEL REVIEW,4,69.9,R5_DORMANT,T05-DORMANT,1,946.82,"R5_DORMANT: $946.82 after 132 days of no activity, 5.5x the entity's historical average of $173.30",Validate source of funds and counterparty purpose within four hours.,HUMAN DECISION REQUIRED,NOT ASSESSED OR FILED
INV-ENT-00718,ENT-00718,Patricia Harris,individual,salaried,P0,SECOND-LEVEL REVIEW,4,69.9,R1_STRUCTURING,T01-STRUCTURING,7,57311.27,"R1_STRUCTURING: 6 cash deposits totalling $55,188.64 in 5.0 days, each between $7,500 and $10,000",Validate source of funds and counterparty purpose within four hours.,HUMAN DECISION REQUIRED,NOT ASSESSED OR FILED
INV-ENT-00868,ENT-00868,George Humphrey,individual,salaried,P0,SECOND-LEVEL REVIEW,4,69.9,R4_ROUND_DOLLAR,T04-ROUND-DOLLAR,4,48000.0,"R4_ROUND_DOLLAR: $13,000.00 is an exact $1,000 multiple and 13.0 standard deviations above this entity's own historical average | R4_ROUND_DOLLAR: $20,000.00 is an exact $1,000 multiple and 5.9 standard deviations above this entity's own historical average | R4_ROUND_DOLLAR: $9,000.00 is an exact $1,000 multiple and 2.5 standard deviations above this entity's own historical average",Validate source of funds and counterparty purpose within four hours.,HUMAN DECISION REQUIRED,NOT ASSESSED OR FILED
INV-ENT-00876,ENT-00876,Crystal Ramirez,individual,salaried,P0,SECOND-LEVEL REVIEW,4,69.9,R5_DORMANT,T05-DORMANT,1,25351.02,"R5_DORMANT: $25,351.02 after 173 days of no activity, 10.7x the entity's historical average of $2,360.86",Validate source of funds and counterparty purpose within four hours.,HUMAN DECISION REQUIRED,NOT ASSESSED OR FILED
INV-ENT-00917,ENT-00917,Brittany Lee,individual,salaried,P0,SECOND-LEVEL REVIEW,4,69.9,R4_ROUND_DOLLAR,T04-ROUND-DOLLAR,7,95000.0,"R4_ROUND_DOLLAR: $11,000.00 is an exact $1,000 multiple and 3.1 standard deviations above this entity's own historical average | R4_ROUND_DOLLAR: $12,000.00 is an exact $1,000 multiple and 3.1 standard deviations above this entity's own historical average | R4_ROUND_DOLLAR: $15,000.00 is an exact $1,000 multiple and 2.9 standard deviations above this entity's own historical average | R4_ROUND_DOLLAR: $17,000.00 is an exact $1,000 multiple and 10.3 standard deviations above this entity's own historical average | R4_ROUND_DOLLAR: $17,000.00 is an exact $1,000 multiple and 3.2 standard deviations above this entity's own historical average | R4_ROUND_DOLLAR: $18,000.00 is an exact $1,000 multiple and 4.5 standard deviations above this entity's own historical average",Validate source of funds and counterparty purpose within four hours.,HUMAN DECISION REQUIRED,NOT ASSESSED OR FILED
INV-ENT-00980,ENT-00980,Sharon Lopez,individual,salaried,P0,SECOND-LEVEL REVIEW,4,69.9,R4_ROUND_DOLLAR,T04-ROUND-DOLLAR,4,69000.0,"R4_ROUND_DOLLAR: $20,000.00 is an exact $1,000 multiple and 14.8 standard deviations above this entity's own historical average | R4_ROUND_DOLLAR: $20,000.00 is an exact $1,000 multiple and 5.6 standard deviations above this entity's own historical average | R4_ROUND_DOLLAR: $22,000.00 is an exact $1,000 multiple and 4.6 standard deviations above this entity's own historical average | R4_ROUND_DOLLAR: $7,000.00 is an exact $1,000 multiple and 6.7 standard deviations above this entity's own historical average",Validate source of funds and counterparty purpose within four hours.,HUMAN DECISION REQUIRED,NOT ASSESSED OR FILED
INV-ENT-01049,ENT-01049,Jack Wyatt,individual,salaried,P0,SECOND-LEVEL REVIEW,4,69.9,R5_DORMANT,T05-DORMANT,1,14266.78,"R5_DORMANT: $14,266.78 after 152 days of no activity, 7.9x the entity's historical average of $1,805.64",Validate source of funds and counterparty purpose within four hours.,HUMAN DECISION REQUIRED,NOT ASSESSED OR FILED
INV-ENT-01135,ENT-01135,"Robinson, Martinez and Obrien 0085",business,wholesale,P0,SECOND-LEVEL REVIEW,4,69.9,R2_LAYERING,T02-LAYERING,11,66474.37,"R2_LAYERING: $15,822.38 inbound dispersed to 4 counterparties in 9 transfers within 47h, 182% passed through",Validate source of funds and counterparty purpose within four hours.,HUMAN DECISION REQUIRED,NOT ASSESSED OR FILED
INV-ENT-01188,ENT-01188,Bell-Wise 0138,business,wholesale,P0,SECOND-LEVEL REVIEW,4,69.9,R2_LAYERING,T02-LAYERING,27,222911.86,"R2_LAYERING: $18,623.08 inbound dispersed to 8 counterparties in 9 transfers within 44h, 215% passed through | R2_LAYERING: $20,152.85 inbound dispersed to 6 counterparties in 7 transfers within 2h, 216% passed through",Validate source of funds and counterparty purpose within four hours.,HUMAN DECISION REQUIRED,NOT ASSESSED OR FILED
INV-ENT-01304,ENT-01304,Conley and Sons 0254,business,retail_cash_intensive,P0,SECOND-LEVEL REVIEW,4,69.9,R4_ROUND_DOLLAR,T04-ROUND-DOLLAR,4,56394.73,"R4_ROUND_DOLLAR: $14,000.00 is an exact $1,000 multiple and 2.1 standard deviations above this entity's own historical average | R4_ROUND_DOLLAR: $14,000.00 is an exact $1,000 multiple and 2.2 standard deviations above this entity's own historical average | R4_ROUND_DOLLAR: $14,000.00 is an exact $1,000 multiple and 2.3 standard deviations above this entity's own historical average",Validate source of funds and counterparty purpose within four hours.,HUMAN DECISION REQUIRED,NOT ASSESSED OR FILED
INV-ENT-01408,ENT-01408,Lyons-Peck 0358,business,wholesale,P0,SECOND-LEVEL REVIEW,4,69.9,R2_LAYERING,T02-LAYERING,12,73092.09,"R2_LAYERING: $16,303.95 inbound dispersed to 8 counterparties in 9 transfers within 48h, 262% passed through",Validate source of funds and counterparty purpose within four hours.,HUMAN DECISION REQUIRED,NOT ASSESSED OR FILED
INV-ENT-01436,ENT-01436,Anderson-Greene 0386,business,professional_services,P0,SECOND-LEVEL REVIEW,4,69.9,R4_ROUND_DOLLAR,T04-ROUND-DOLLAR,2,39517.84,"R4_ROUND_DOLLAR: $24,000.00 is an exact $1,000 multiple and 2.2 standard deviations above this entity's own historical average",Validate source of funds and counterparty purpose within four hours.,HUMAN DECISION REQUIRED,NOT ASSESSED OR FILED
INV-ENT-00155,ENT-00155,Vincent Joyce,individual,salaried,P0,SECOND-LEVEL REVIEW,4,69.8,R1_STRUCTURING,T01-STRUCTURING,5,46026.74,"R1_STRUCTURING: 5 cash deposits totalling $46,026.74 in 5.8 days, each between $7,500 and $10,000",Validate source of funds and counterparty purpose within four hours.,HUMAN DECISION REQUIRED,NOT ASSESSED OR FILED
INV-ENT-00195,ENT-00195,Jeffrey Burnett,individual,retired,P0,SECOND-LEVEL REVIEW,4,69.8,R5_DORMANT,T05-DORMANT,1,12661.19,"R5_DORMANT: $12,661.19 after 137 days of no activity, 8.6x the entity's historical average of $1,466.00",Validate source of funds and counterparty purpose within four hours.,HUMAN DECISION REQUIRED,NOT ASSESSED OR FILED
INV-ENT-00642,ENT-00642,Amy Johnson,individual,self_employed,P0,SECOND-LEVEL REVIEW,4,69.8,R4_ROUND_DOLLAR,T04-ROUND-DOLLAR,3,34000.0,"R4_ROUND_DOLLAR: $13,000.00 is an exact $1,000 multiple and 3.4 standard deviations above this entity's own historical average | R4_ROUND_DOLLAR: $15,000.00 is an exact $1,000 multiple and 9.4 standard deviations above this entity's own historical average",Validate source of funds and counterparty purpose within four hours.,HUMAN DECISION REQUIRED,NOT ASSESSED OR FILED
INV-ENT-00650,ENT-00650,Erica Becker,individual,retired,P0,SECOND-LEVEL REVIEW,4,69.8,R1_STRUCTURING,T01-STRUCTURING,4,35399.41,"R1_STRUCTURING: 4 cash deposits totalling $35,399.41 in 2.8 days, each between $7,500 and $10,000",Validate source of funds and counterparty purpose within four hours.,HUMAN DECISION REQUIRED,NOT ASSESSED OR FILED
INV-ENT-00653,ENT-00653,Jacob Jacobs,individual,gig,P0,SECOND-LEVEL REVIEW,4,69.8,R5_DORMANT,T05-DORMANT,3,1550.18,"R5_DORMANT: $1,342.18 after 189 days of no activity, 7.6x the entity's historical average of $177.62",Validate source of funds and counterparty purpose within four hours.,HUMAN DECISION REQUIRED,NOT ASSESSED OR FILED
INV-ENT-00871,ENT-00871,Matthew Davis,individual,salaried,P0,SECOND-LEVEL REVIEW,4,69.8,R1_STRUCTURING,T01-STRUCTURING,6,55037.35,"R1_STRUCTURING: 3 cash deposits totalling $27,001.45 in 6.9 days, each between $7,500 and $10,000 | R1_STRUCTURING: 4 cash deposits totalling $37,282.00 in 6.1 days, each between $7,500 and $10,000 | R1_STRUCTURING: 4 cash deposits totalling $37,888.67 in 3.8 days, each between $7,500 and $10,000",Validate source of funds and counterparty purpose within four hours.,HUMAN DECISION REQUIRED,NOT ASSESSED OR FILED
INV-ENT-00907,ENT-00907,Dawn Carter,individual,salaried,P0,SECOND-LEVEL REVIEW,4,69.8,R3_SMURFING,T03-SMURFING,15,20076.44,"R3_SMURFING: 10 distinct senders paid in $14,161.88 over 41h, amounts within 23% of each other (avg $1,416.19) | R3_SMURFING: 11 distinct senders paid in $15,136.48 over 44h, amounts within 24% of each other (avg $1,376.04) | R3_SMURFING: 12 distinct senders paid in $16,294.45 over 48h, amounts within 24% of each other (avg $1,357.87) | R3_SMURFING: 13 distinct senders paid in $17,471.42 over 50h, amounts within 24% of each other (avg $1,343.96) | R3_SMURFING: 14 distinct senders paid in $18,651.44 over 54h, amounts within 23% of each other (avg $1,332.25) | R3_SMURFING: 8 distinct senders paid in $11,759.02 over 33h, amounts within 23% of each other (avg $1,469.88) | R3_SMURFING: 9 distinct senders paid in $13,009.11 over 40h, amounts within 23% of each other (avg $1,445.46)",Validate source of funds and counterparty purpose within four hours.,HUMAN DECISION REQUIRED,NOT ASSESSED OR FILED
INV-ENT-01216,ENT-01216,"Patton, Sanders and Carpenter 0166",business,retail_cash_intensive,P0,SECOND-LEVEL REVIEW,4,69.8,R1_STRUCTURING,T01-STRUCTURING,7,98298.62,"R1_STRUCTURING: 6 cash deposits totalling $53,374.51 in 4.9 days, each between $7,500 and $10,000",Validate source of funds and counterparty purpose within four hours.,HUMAN DECISION REQUIRED,NOT ASSESSED OR FILED
INV-ENT-01352,ENT-01352,Lee Inc 0302,business,wholesale,P0,SECOND-LEVEL REVIEW,4,69.8,R2_LAYERING,T02-LAYERING,8,290865.89,"R2_LAYERING: $66,128.44 inbound dispersed to 5 counterparties in 5 transfers within 31h, 96% passed through",Validate source of funds and counterparty purpose within four hours.,HUMAN DECISION REQUIRED,NOT ASSESSED OR FILED
INV-ENT-01370,ENT-01370,Morris-Weaver 0320,business,retail_cash_intensive,P0,SECOND-LEVEL REVIEW,4,69.8,R4_ROUND_DOLLAR,T04-ROUND-DOLLAR,2,16000.0,"R4_ROUND_DOLLAR: $14,000.00 is an exact $1,000 multiple and 2.1 standard deviations above this entity's own historical average",Validate source of funds and counterparty purpose within four hours.,HUMAN DECISION REQUIRED,NOT ASSESSED OR FILED
INV-ENT-01373,ENT-01373,"Mendez, Owen and Bean 0323",business,retail_cash_intensive,P0,SECOND-LEVEL REVIEW,4,69.8,R4_ROUND_DOLLAR,T04-ROUND-DOLLAR,2,21251.46,"R4_ROUND_DOLLAR: $14,000.00 is an exact $1,000 multiple and 2.0 standard deviations above this entity's own historical average",Validate source of funds and counterparty purpose within four hours.,HUMAN DECISION REQUIRED,NOT ASSESSED OR FILED
INV-ENT-01387,ENT-01387,"Tapia, Harper and Harding 0337",business,wholesale,P0,SECOND-LEVEL REVIEW,4,69.8,R2_LAYERING,T02-LAYERING,10,111615.55,"R2_LAYERING: $31,164.36 inbound dispersed to 5 counterparties in 7 transfers within 27h, 78% passed through",Validate source of funds and counterparty purpose within four hours.,HUMAN DECISION REQUIRED,NOT ASSESSED OR FILED
INV-ENT-01487,ENT-01487,Romero Group 0437,business,retail_cash_intensive,P0,SECOND-LEVEL REVIEW,4,69.8,R4_ROUND_DOLLAR,T04-ROUND-DOLLAR,3,49161.9,"R4_ROUND_DOLLAR: $14,000.00 is an exact $1,000 multiple and 2.3 standard deviations above this entity's own historical average",Validate source of funds and counterparty purpose within four hours.,HUMAN DECISION REQUIRED,NOT ASSESSED OR FILED
INV-ENT-01056,ENT-01056,Anderson-Thomas 0006,business,retail_cash_intensive,P0,SECOND-LEVEL REVIEW,4,69.7,R4_ROUND_DOLLAR,T04-ROUND-DOLLAR,2,43110.73,"R4_ROUND_DOLLAR: $25,000.00 is an exact $1,000 multiple and 6.1 standard deviations above this entity's own historical average",Validate source of funds and counterparty purpose within four hours.,HUMAN DECISION REQUIRED,NOT ASSESSED OR FILED
INV-ENT-01121,ENT-01121,Meadows-Lawrence 0071,business,retail_cash_intensive,P0,SECOND-LEVEL REVIEW,4,69.7,R4_ROUND_DOLLAR,T04-ROUND-DOLLAR,2,15000.0,"R4_ROUND_DOLLAR: $14,000.00 is an exact $1,000 multiple and 2.5 standard deviations above this entity's own historical average",Validate source of funds and counterparty purpose within four hours.,HUMAN DECISION REQUIRED,NOT ASSESSED OR FILED
INV-ENT-01175,ENT-01175,Martinez Group 0125,business,professional_services,P0,SECOND-LEVEL REVIEW,4,69.7,R1_STRUCTURING,T01-STRUCTURING,6,56775.89,"R1_STRUCTURING: 6 cash deposits totalling $56,775.89 in 6.1 days, each between $7,500 and $10,000",Validate source of funds and counterparty purpose within four hours.,HUMAN DECISION REQUIRED,NOT ASSESSED OR FILED
INV-ENT-01230,ENT-01230,Murphy Inc 0180,business,professional_services,P0,SECOND-LEVEL REVIEW,4,69.7,R3_SMURFING,T03-SMURFING,12,34041.11,"R3_SMURFING: 10 distinct senders paid in $8,266.55 over 56h, amounts within 10% of each other (avg $826.65) | R3_SMURFING: 11 distinct senders paid in $9,131.28 over 56h, amounts within 10% of each other (avg $830.12) | R3_SMURFING: 8 distinct senders paid in $6,661.70 over 37h, amounts within 11% of each other (avg $832.71) | R3_SMURFING: 9 distinct senders paid in $7,465.01 over 53h, amounts within 11% of each other (avg $829.45)",Validate source of funds and counterparty purpose within four hours.,HUMAN DECISION REQUIRED,NOT ASSESSED OR FILED
INV-ENT-01375,ENT-01375,Mccarthy-Robertson 0325,business,wholesale,P0,SECOND-LEVEL REVIEW,4,69.7,R2_LAYERING,T02-LAYERING,16,92087.6,"R2_LAYERING: $19,102.16 inbound dispersed to 5 counterparties in 8 transfers within 1h, 79% passed through",Validate source of funds and counterparty purpose within four hours.,HUMAN DECISION REQUIRED,NOT ASSESSED OR FILED
INV-ENT-00049,ENT-00049,Daniel Walsh,individual,salaried,P0,SECOND-LEVEL REVIEW,4,69.6,R1_STRUCTURING,T01-STRUCTURING,6,52509.69,"R1_STRUCTURING: 6 cash deposits totalling $52,509.69 in 5.7 days, each between $7,500 and $10,000",Validate source of funds and counterparty purpose within four hours.,HUMAN DECISION REQUIRED,NOT ASSESSED OR FILED
INV-ENT-01398,ENT-01398,Day-Nelson 0348,business,wholesale,P0,SECOND-LEVEL REVIEW,4,69.6,R2_LAYERING,T02-LAYERING,12,108219.18,"R2_LAYERING: $31,048.62 inbound dispersed to 7 counterparties in 10 transfers within 25h, 141% passed through",Validate source of funds and counterparty purpose within four hours.,HUMAN DECISION REQUIRED,NOT ASSESSED OR FILED
INV-ENT-00624,ENT-00624,Jason Mann,individual,retired,P0,SECOND-LEVEL REVIEW,4,69.5,R4_ROUND_DOLLAR,T04-ROUND-DOLLAR,5,15000.0,"R4_ROUND_DOLLAR: $3,000.00 is an exact $1,000 multiple and 2.1 standard deviations above this entity's own historical average",Validate source of funds and counterparty purpose within four hours.,HUMAN DECISION REQUIRED,NOT ASSESSED OR FILED
INV-ENT-01426,ENT-01426,"Chavez, Wright and Williams 0376",business,wholesale,P0,SECOND-LEVEL REVIEW,4,69.3,R2_LAYERING,T02-LAYERING,18,216325.95,"R2_LAYERING: $19,213.11 inbound dispersed to 5 counterparties in 6 transfers within 28h, 180% passed through | R2_LAYERING: $20,248.20 inbound dispersed to 6 counterparties in 6 transfers within 30h, 110% passed through",Validate source of funds and counterparty purpose within four hours.,HUMAN DECISION REQUIRED,NOT ASSESSED OR FILED
INV-ENT-01199,ENT-01199,Martinez LLC 0149,business,professional_services,P0,SECOND-LEVEL REVIEW,4,69.2,R4_ROUND_DOLLAR,T04-ROUND-DOLLAR,1,20000.0,"R4_ROUND_DOLLAR: $20,000.00 is an exact $1,000 multiple and 2.8 standard deviations above this entity's own historical average",Validate source of funds and counterparty purpose within four hours.,HUMAN DECISION REQUIRED,NOT ASSESSED OR FILED
INV-ENT-01120,ENT-01120,"Hurley, Lucas and Williams 0070",business,wholesale,P0,SECOND-LEVEL REVIEW,4,68.9,R2_LAYERING,T02-LAYERING,8,171268.11,"R2_LAYERING: $22,976.11 inbound dispersed to 4 counterparties in 4 transfers within 19h, 97% passed through",Validate source of funds and counterparty purpose within four hours.,HUMAN DECISION REQUIRED,NOT ASSESSED OR FILED
INV-ENT-01483,ENT-01483,"Anderson, Hayes and Fox 0433",business,wholesale,P0,SECOND-LEVEL REVIEW,4,68.9,R2_LAYERING,T02-LAYERING,16,168595.69,"R2_LAYERING: $31,030.61 inbound dispersed to 3 counterparties in 5 transfers within 6h, 85% passed through",Validate source of funds and counterparty purpose within four hours.,HUMAN DECISION REQUIRED,NOT ASSESSED OR FILED
INV-ENT-01151,ENT-01151,"Potter, Thomas and Barrett 0101",business,wholesale,P0,SECOND-LEVEL REVIEW,4,68.8,R2_LAYERING,T02-LAYERING,11,98211.72,"R2_LAYERING: $26,499.16 inbound dispersed to 3 counterparties in 8 transfers within 21h, 142% passed through",Validate source of funds and counterparty purpose within four hours.,HUMAN DECISION REQUIRED,NOT ASSESSED OR FILED
INV-ENT-01130,ENT-01130,Miranda-Perkins 0080,business,wholesale,P0,SECOND-LEVEL REVIEW,4,68.1,R2_LAYERING,T02-LAYERING,12,96545.36,"R2_LAYERING: $15,159.86 inbound dispersed to 6 counterparties in 8 transfers within 4h, 253% passed through",Validate source of funds and counterparty purpose within four hours.,HUMAN DECISION REQUIRED,NOT ASSESSED OR FILED
INV-ENT-00649,ENT-00649,Thomas Davis,individual,salaried,P0,SECOND-LEVEL REVIEW,4,68.0,R1_STRUCTURING,T01-STRUCTURING,3,27083.88,"R1_STRUCTURING: 3 cash deposits totalling $27,083.88 in 4.1 days, each between $7,500 and $10,000",Validate source of funds and counterparty purpose within four hours.,HUMAN DECISION REQUIRED,NOT ASSESSED OR FILED
INV-ENT-01122,ENT-01122,Munoz and Sons 0072,business,wholesale,P1,EVIDENCE REQUESTED,24,67.7,R2_LAYERING,T02-LAYERING,11,54016.16,"R2_LAYERING: $15,996.24 inbound dispersed to 6 counterparties in 9 transfers within 28h, 219% passed through",Collect the typology catalogue's minimum evidence before disposition.,HUMAN DECISION REQUIRED,NOT ASSESSED OR FILED
INV-ENT-01126,ENT-01126,Diaz PLC 0076,business,wholesale,P1,EVIDENCE REQUESTED,24,67.7,R2_LAYERING,T02-LAYERING,11,37889.86,"R2_LAYERING: $15,333.31 inbound dispersed to 7 counterparties in 8 transfers within 17h, 93% passed through",Collect the typology catalogue's minimum evidence before disposition.,HUMAN DECISION REQUIRED,NOT ASSESSED OR FILED
INV-ENT-01414,ENT-01414,Roberts Group 0364,business,wholesale,P1,EVIDENCE REQUESTED,24,67.4,R2_LAYERING,T02-LAYERING,23,144960.12,"R2_LAYERING: $15,061.73 inbound dispersed to 6 counterparties in 7 transfers within 6h, 201% passed through | R2_LAYERING: $15,359.77 inbound dispersed to 7 counterparties in 8 transfers within 25h, 74% passed through",Collect the typology catalogue's minimum evidence before disposition.,HUMAN DECISION REQUIRED,NOT ASSESSED OR FILED
INV-ENT-01423,ENT-01423,Lopez Group 0373,business,wholesale,P1,EVIDENCE REQUESTED,24,67.2,R2_LAYERING,T02-LAYERING,11,129947.19,"R2_LAYERING: $21,090.79 inbound dispersed to 5 counterparties in 8 transfers within 27h, 95% passed through",Collect the typology catalogue's minimum evidence before disposition.,HUMAN DECISION REQUIRED,NOT ASSESSED OR FILED
INV-ENT-01184,ENT-01184,Arnold-Mckenzie 0134,business,wholesale,P1,EVIDENCE REQUESTED,24,66.4,R2_LAYERING,T02-LAYERING,14,176256.74,"R2_LAYERING: $18,398.45 inbound dispersed to 3 counterparties in 7 transfers within 23h, 159% passed through",Collect the typology catalogue's minimum evidence before disposition.,HUMAN DECISION REQUIRED,NOT ASSESSED OR FILED
INV-ENT-01119,ENT-01119,Barry-Munoz 0069,business,wholesale,P1,EVIDENCE REQUESTED,24,65.9,R2_LAYERING,T02-LAYERING,9,63180.35,"R2_LAYERING: $28,554.86 inbound dispersed to 5 counterparties in 7 transfers within 25h, 75% passed through",Collect the typology catalogue's minimum evidence before disposition.,HUMAN DECISION REQUIRED,NOT ASSESSED OR FILED
INV-ENT-01317,ENT-01317,Edwards-Watkins 0267,business,retail_cash_intensive,P1,EVIDENCE REQUESTED,24,65.8,R1_STRUCTURING,T01-STRUCTURING,3,25445.86,"R1_STRUCTURING: 3 cash deposits totalling $25,445.86 in 3.2 days, each between $7,500 and $10,000",Collect the typology catalogue's minimum evidence before disposition.,HUMAN DECISION REQUIRED,NOT ASSESSED OR FILED
INV-ENT-01402,ENT-01402,Powell-Stephens 0352,business,wholesale,P1,EVIDENCE REQUESTED,24,63.6,R2_LAYERING,T02-LAYERING,17,99032.21,"R2_LAYERING: $16,845.56 inbound dispersed to 4 counterparties in 8 transfers within 23h, 142% passed through",Collect the typology catalogue's minimum evidence before disposition.,HUMAN DECISION REQUIRED,NOT ASSESSED OR FILED
INV-ENT-01159,ENT-01159,Mckenzie LLC 0109,business,wholesale,P1,EVIDENCE REQUESTED,24,62.8,R2_LAYERING,T02-LAYERING,9,73722.48,"R2_LAYERING: $20,841.68 inbound dispersed to 5 counterparties in 7 transfers within 1h, 91% passed through",Collect the typology catalogue's minimum evidence before disposition.,HUMAN DECISION REQUIRED,NOT ASSESSED OR FILED
INV-ENT-01328,ENT-01328,"Hawkins, Harris and Elliott 0278",business,wholesale,P1,EVIDENCE REQUESTED,24,56.5,R2_LAYERING,T02-LAYERING,8,38037.15,"R2_LAYERING: $18,750.33 inbound dispersed to 5 counterparties in 5 transfers within 44h, 89% passed through",Collect the typology catalogue's minimum evidence before disposition.,HUMAN DECISION REQUIRED,NOT ASSESSED OR FILED
INV-ENT-01252,ENT-01252,"Edwards, Lewis and Singh 0202",business,wholesale,P1,EVIDENCE REQUESTED,24,55.5,R2_LAYERING,T02-LAYERING,6,29991.38,"R2_LAYERING: $16,676.77 inbound dispersed to 4 counterparties in 5 transfers within 1h, 80% passed through",Collect the typology catalogue's minimum evidence before disposition.,HUMAN DECISION REQUIRED,NOT ASSESSED OR FILED
INV-ENT-00688,ENT-00688,Daniel Campos,individual,salaried,P2,OPEN TRIAGE,72,40.0,NONE,UNCLASSIFIED-MODEL-ONLY,2,2000.0,Model-only anomaly; no rule reason is available.,Establish an explainable hypothesis before any escalation.,HUMAN DECISION REQUIRED,NOT ASSESSED OR FILED
INV-ENT-01100,ENT-01100,"Burns, Carpenter and Gillespie 0050",business,wholesale,P2,OPEN TRIAGE,72,40.0,NONE,UNCLASSIFIED-MODEL-ONLY,2,209331.31,Model-only anomaly; no rule reason is available.,Establish an explainable hypothesis before any escalation.,HUMAN DECISION REQUIRED,NOT ASSESSED OR FILED
INV-ENT-01103,ENT-01103,Craig-Doyle 0053,business,professional_services,P2,OPEN TRIAGE,72,40.0,NONE,UNCLASSIFIED-MODEL-ONLY,2,29000.66,Model-only anomaly; no rule reason is available.,Establish an explainable hypothesis before any escalation.,HUMAN DECISION REQUIRED,NOT ASSESSED OR FILED
INV-ENT-01108,ENT-01108,Rhodes PLC 0058,business,wholesale,P2,OPEN TRIAGE,72,40.0,NONE,UNCLASSIFIED-MODEL-ONLY,12,383096.4,Model-only anomaly; no rule reason is available.,Establish an explainable hypothesis before any escalation.,HUMAN DECISION REQUIRED,NOT ASSESSED OR FILED
INV-ENT-01111,ENT-01111,Barnes LLC 0061,business,wholesale,P2,OPEN TRIAGE,72,40.0,NONE,UNCLASSIFIED-MODEL-ONLY,5,36354.84,Model-only anomaly; no rule reason is available.,Establish an explainable hypothesis before any escalation.,HUMAN DECISION REQUIRED,NOT ASSESSED OR FILED
INV-ENT-01148,ENT-01148,"Lucero, Collier and Cisneros 0098",business,wholesale,P2,OPEN TRIAGE,72,40.0,NONE,UNCLASSIFIED-MODEL-ONLY,6,57856.8,Model-only anomaly; no rule reason is available.,Establish an explainable hypothesis before any escalation.,HUMAN DECISION REQUIRED,NOT ASSESSED OR FILED
INV-ENT-01164,ENT-01164,Roberts-Suarez 0114,business,ecommerce,P2,OPEN TRIAGE,72,40.0,NONE,UNCLASSIFIED-MODEL-ONLY,1,55625.91,Model-only anomaly; no rule reason is available.,Establish an explainable hypothesis before any escalation.,HUMAN DECISION REQUIRED,NOT ASSESSED OR FILED
INV-ENT-01170,ENT-01170,Nunez Group 0120,business,wholesale,P2,OPEN TRIAGE,72,40.0,NONE,UNCLASSIFIED-MODEL-ONLY,7,107052.13,Model-only anomaly; no rule reason is available.,Establish an explainable hypothesis before any escalation.,HUMAN DECISION REQUIRED,NOT ASSESSED OR FILED
INV-ENT-01176,ENT-01176,Cabrera and Sons 0126,business,wholesale,P2,OPEN TRIAGE,72,40.0,NONE,UNCLASSIFIED-MODEL-ONLY,6,159454.18,Model-only anomaly; no rule reason is available.,Establish an explainable hypothesis before any escalation.,HUMAN DECISION REQUIRED,NOT ASSESSED OR FILED
INV-ENT-01182,ENT-01182,Bautista-Willis 0132,business,wholesale,P2,OPEN TRIAGE,72,40.0,NONE,UNCLASSIFIED-MODEL-ONLY,1,115024.35,Model-only anomaly; no rule reason is available.,Establish an explainable hypothesis before any escalation.,HUMAN DECISION REQUIRED,NOT ASSESSED OR FILED
INV-ENT-01189,ENT-01189,"Soto, Guerra and White 0139",business,wholesale,P2,OPEN TRIAGE,72,40.0,NONE,UNCLASSIFIED-MODEL-ONLY,4,296616.01,Model-only anomaly; no rule reason is available.,Establish an explainable hypothesis before any escalation.,HUMAN DECISION REQUIRED,NOT ASSESSED OR FILED
INV-ENT-01204,ENT-01204,"Daugherty, Mahoney and Sullivan 0154",business,wholesale,P2,OPEN TRIAGE,72,40.0,NONE,UNCLASSIFIED-MODEL-ONLY,4,90761.7,Model-only anomaly; no rule reason is available.,Establish an explainable hypothesis before any escalation.,HUMAN DECISION REQUIRED,NOT ASSESSED OR FILED
INV-ENT-01242,ENT-01242,Reid Group 0192,business,wholesale,P2,OPEN TRIAGE,72,40.0,NONE,UNCLASSIFIED-MODEL-ONLY,6,65328.69,Model-only anomaly; no rule reason is available.,Establish an explainable hypothesis before any escalation.,HUMAN DECISION REQUIRED,NOT ASSESSED OR FILED
INV-ENT-01259,ENT-01259,Young Group 0209,business,wholesale,P2,OPEN TRIAGE,72,40.0,NONE,UNCLASSIFIED-MODEL-ONLY,3,32048.84,Model-only anomaly; no rule reason is available.,Establish an explainable hypothesis before any escalation.,HUMAN DECISION REQUIRED,NOT ASSESSED OR FILED
INV-ENT-01265,ENT-01265,"Campbell, Andrade and Mendoza 0215",business,wholesale,P2,OPEN TRIAGE,72,40.0,NONE,UNCLASSIFIED-MODEL-ONLY,11,284122.96,Model-only anomaly; no rule reason is available.,Establish an explainable hypothesis before any escalation.,HUMAN DECISION REQUIRED,NOT ASSESSED OR FILED
INV-ENT-01287,ENT-01287,Calderon-Mendoza 0237,business,wholesale,P2,OPEN TRIAGE,72,40.0,NONE,UNCLASSIFIED-MODEL-ONLY,12,166790.22,Model-only anomaly; no rule reason is available.,Establish an explainable hypothesis before any escalation.,HUMAN DECISION REQUIRED,NOT ASSESSED OR FILED
INV-ENT-01311,ENT-01311,Mclean-Taylor 0261,business,wholesale,P2,OPEN TRIAGE,72,40.0,NONE,UNCLASSIFIED-MODEL-ONLY,3,158300.75,Model-only anomaly; no rule reason is available.,Establish an explainable hypothesis before any escalation.,HUMAN DECISION REQUIRED,NOT ASSESSED OR FILED
INV-ENT-01316,ENT-01316,Patterson LLC 0266,business,wholesale,P2,OPEN TRIAGE,72,40.0,NONE,UNCLASSIFIED-MODEL-ONLY,4,272672.95,Model-only anomaly; no rule reason is available.,Establish an explainable hypothesis before any escalation.,HUMAN DECISION REQUIRED,NOT ASSESSED OR FILED
INV-ENT-01356,ENT-01356,Johnston and Sons 0306,business,wholesale,P2,OPEN TRIAGE,72,40.0,NONE,UNCLASSIFIED-MODEL-ONLY,12,142763.1,Model-only anomaly; no rule reason is available.,Establish an explainable hypothesis before any escalation.,HUMAN DECISION REQUIRED,NOT ASSESSED OR FILED
INV-ENT-01358,ENT-01358,"Robertson, Gonzalez and Smith 0308",business,wholesale,P2,OPEN TRIAGE,72,40.0,NONE,UNCLASSIFIED-MODEL-ONLY,5,195081.25,Model-only anomaly; no rule reason is available.,Establish an explainable hypothesis before any escalation.,HUMAN DECISION REQUIRED,NOT ASSESSED OR FILED
INV-ENT-01374,ENT-01374,Smith Group 0324,business,wholesale,P2,OPEN TRIAGE,72,40.0,NONE,UNCLASSIFIED-MODEL-ONLY,3,82294.81,Model-only anomaly; no rule reason is available.,Establish an explainable hypothesis before any escalation.,HUMAN DECISION REQUIRED,NOT ASSESSED OR FILED
INV-ENT-01377,ENT-01377,Hansen-Freeman 0327,business,wholesale,P2,OPEN TRIAGE,72,40.0,NONE,UNCLASSIFIED-MODEL-ONLY,2,187461.64,Model-only anomaly; no rule reason is available.,Establish an explainable hypothesis before any escalation.,HUMAN DECISION REQUIRED,NOT ASSESSED OR FILED
INV-ENT-01382,ENT-01382,Burton LLC 0332,business,retail_cash_intensive,P2,OPEN TRIAGE,72,40.0,NONE,UNCLASSIFIED-MODEL-ONLY,3,97844.9,Model-only anomaly; no rule reason is available.,Establish an explainable hypothesis before any escalation.,HUMAN DECISION REQUIRED,NOT ASSESSED OR FILED
INV-ENT-01385,ENT-01385,"Sims, Lewis and Anderson 0335",business,wholesale,P2,OPEN TRIAGE,72,40.0,NONE,UNCLASSIFIED-MODEL-ONLY,5,222820.99,Model-only anomaly; no rule reason is available.,Establish an explainable hypothesis before any escalation.,HUMAN DECISION REQUIRED,NOT ASSESSED OR FILED
INV-ENT-01391,ENT-01391,Moore Ltd 0341,business,retail_cash_intensive,P2,OPEN TRIAGE,72,40.0,NONE,UNCLASSIFIED-MODEL-ONLY,5,73170.62,Model-only anomaly; no rule reason is available.,Establish an explainable hypothesis before any escalation.,HUMAN DECISION REQUIRED,NOT ASSESSED OR FILED
INV-ENT-01415,ENT-01415,Herring LLC 0365,business,wholesale,P2,OPEN TRIAGE,72,40.0,NONE,UNCLASSIFIED-MODEL-ONLY,1,120751.73,Model-only anomaly; no rule reason is available.,Establish an explainable hypothesis before any escalation.,HUMAN DECISION REQUIRED,NOT ASSESSED OR FILED
INV-ENT-01416,ENT-01416,Baker-Fry 0366,business,retail_cash_intensive,P2,OPEN TRIAGE,72,40.0,NONE,UNCLASSIFIED-MODEL-ONLY,8,139413.71,Model-only anomaly; no rule reason is available.,Establish an explainable hypothesis before any escalation.,HUMAN DECISION REQUIRED,NOT ASSESSED OR FILED
INV-ENT-01454,ENT-01454,Owen Inc 0404,business,wholesale,P2,OPEN TRIAGE,72,40.0,NONE,UNCLASSIFIED-MODEL-ONLY,4,594669.18,Model-only anomaly; no rule reason is available.,Establish an explainable hypothesis before any escalation.,HUMAN DECISION REQUIRED,NOT ASSESSED OR FILED
INV-ENT-01462,ENT-01462,Barnes Group 0412,business,wholesale,P2,OPEN TRIAGE,72,40.0,NONE,UNCLASSIFIED-MODEL-ONLY,6,401862.82,Model-only anomaly; no rule reason is available.,Establish an explainable hypothesis before any escalation.,HUMAN DECISION REQUIRED,NOT ASSESSED OR FILED
INV-ENT-01466,ENT-01466,Johnson-English 0416,business,professional_services,P2,OPEN TRIAGE,72,40.0,NONE,UNCLASSIFIED-MODEL-ONLY,1,154696.54,Model-only anomaly; no rule reason is available.,Establish an explainable hypothesis before any escalation.,HUMAN DECISION REQUIRED,NOT ASSESSED OR FILED
INV-ENT-01467,ENT-01467,Rice LLC 0417,business,wholesale,P2,OPEN TRIAGE,72,40.0,NONE,UNCLASSIFIED-MODEL-ONLY,4,53247.71,Model-only anomaly; no rule reason is available.,Establish an explainable hypothesis before any escalation.,HUMAN DECISION REQUIRED,NOT ASSESSED OR FILED
INV-ENT-01474,ENT-01474,Lopez Group 0424,business,retail_cash_intensive,P2,OPEN TRIAGE,72,40.0,NONE,UNCLASSIFIED-MODEL-ONLY,3,20965.03,Model-only anomaly; no rule reason is available.,Establish an explainable hypothesis before any escalation.,HUMAN DECISION REQUIRED,NOT ASSESSED OR FILED
INV-ENT-01479,ENT-01479,Jones-Williams 0429,business,retail_cash_intensive,P2,OPEN TRIAGE,72,40.0,NONE,UNCLASSIFIED-MODEL-ONLY,6,48000.0,Model-only anomaly; no rule reason is available.,Establish an explainable hypothesis before any escalation.,HUMAN DECISION REQUIRED,NOT ASSESSED OR FILED
INV-ENT-00042,ENT-00042,Andre Little,individual,self_employed,P2,OPEN TRIAGE,72,39.9,NONE,UNCLASSIFIED-MODEL-ONLY,1,4214.38,Model-only anomaly; no rule reason is available.,Establish an explainable hypothesis before any escalation.,HUMAN DECISION REQUIRED,NOT ASSESSED OR FILED
INV-ENT-00418,ENT-00418,Douglas Nash,individual,retired,P2,OPEN TRIAGE,72,39.9,NONE,UNCLASSIFIED-MODEL-ONLY,1,1000.0,Model-only anomaly; no rule reason is available.,Establish an explainable hypothesis before any escalation.,HUMAN DECISION REQUIRED,NOT ASSESSED OR FILED
INV-ENT-00526,ENT-00526,James Flores,individual,salaried,P2,OPEN TRIAGE,72,39.9,NONE,UNCLASSIFIED-MODEL-ONLY,3,10282.18,Model-only anomaly; no rule reason is available.,Establish an explainable hypothesis before any escalation.,HUMAN DECISION REQUIRED,NOT ASSESSED OR FILED
INV-ENT-00675,ENT-00675,Rebecca Hall,individual,gig,P2,OPEN TRIAGE,72,39.9,NONE,UNCLASSIFIED-MODEL-ONLY,1,1605.19,Model-only anomaly; no rule reason is available.,Establish an explainable hypothesis before any escalation.,HUMAN DECISION REQUIRED,NOT ASSESSED OR FILED
INV-ENT-00677,ENT-00677,Elizabeth Jarvis,individual,salaried,P2,OPEN TRIAGE,72,39.9,NONE,UNCLASSIFIED-MODEL-ONLY,2,6000.0,Model-only anomaly; no rule reason is available.,Establish an explainable hypothesis before any escalation.,HUMAN DECISION REQUIRED,NOT ASSESSED OR FILED
INV-ENT-00689,ENT-00689,David Pennington,individual,gig,P2,OPEN TRIAGE,72,39.9,NONE,UNCLASSIFIED-MODEL-ONLY,2,1808.37,Model-only anomaly; no rule reason is available.,Establish an explainable hypothesis before any escalation.,HUMAN DECISION REQUIRED,NOT ASSESSED OR FILED
INV-ENT-00855,ENT-00855,Janet Reed,individual,self_employed,P2,OPEN TRIAGE,72,39.9,NONE,UNCLASSIFIED-MODEL-ONLY,1,331.02,Model-only anomaly; no rule reason is available.,Establish an explainable hypothesis before any escalation.,HUMAN DECISION REQUIRED,NOT ASSESSED OR FILED
INV-ENT-00900,ENT-00900,Sandra Johnson,individual,self_employed,P2,OPEN TRIAGE,72,39.9,NONE,UNCLASSIFIED-MODEL-ONLY,1,25.16,Model-only anomaly; no rule reason is available.,Establish an explainable hypothesis before any escalation.,HUMAN DECISION REQUIRED,NOT ASSESSED OR FILED
INV-ENT-00981,ENT-00981,Alec Smith,individual,salaried,P2,OPEN TRIAGE,72,39.9,NONE,UNCLASSIFIED-MODEL-ONLY,1,3000.0,Model-only anomaly; no rule reason is available.,Establish an explainable hypothesis before any escalation.,HUMAN DECISION REQUIRED,NOT ASSESSED OR FILED
INV-ENT-01053,ENT-01053,Lopez-Simpson 0003,business,retail_cash_intensive,P2,OPEN TRIAGE,72,39.9,NONE,UNCLASSIFIED-MODEL-ONLY,3,18000.0,Model-only anomaly; no rule reason is available.,Establish an explainable hypothesis before any escalation.,HUMAN DECISION REQUIRED,NOT ASSESSED OR FILED
INV-ENT-01062,ENT-01062,Frederick-Brock 0012,business,wholesale,P2,OPEN TRIAGE,72,39.9,NONE,UNCLASSIFIED-MODEL-ONLY,7,113625.74,Model-only anomaly; no rule reason is available.,Establish an explainable hypothesis before any escalation.,HUMAN DECISION REQUIRED,NOT ASSESSED OR FILED
INV-ENT-01064,ENT-01064,Anderson-Smith 0014,business,retail_cash_intensive,P2,OPEN TRIAGE,72,39.9,NONE,UNCLASSIFIED-MODEL-ONLY,6,154699.27,Model-only anomaly; no rule reason is available.,Establish an explainable hypothesis before any escalation.,HUMAN DECISION REQUIRED,NOT ASSESSED OR FILED
INV-ENT-01072,ENT-01072,Carpenter Inc 0022,business,retail_cash_intensive,P2,OPEN TRIAGE,72,39.9,NONE,UNCLASSIFIED-MODEL-ONLY,1,14000.0,Model-only anomaly; no rule reason is available.,Establish an explainable hypothesis before any escalation.,HUMAN DECISION REQUIRED,NOT ASSESSED OR FILED
INV-ENT-01079,ENT-01079,Zimmerman-Rowe 0029,business,wholesale,P2,OPEN TRIAGE,72,39.9,NONE,UNCLASSIFIED-MODEL-ONLY,3,114446.83,Model-only anomaly; no rule reason is available.,Establish an explainable hypothesis before any escalation.,HUMAN DECISION REQUIRED,NOT ASSESSED OR FILED
INV-ENT-01082,ENT-01082,"Newman, Peterson and Andrade 0032",business,retail_cash_intensive,P2,OPEN TRIAGE,72,39.9,NONE,UNCLASSIFIED-MODEL-ONLY,6,87383.74,Model-only anomaly; no rule reason is available.,Establish an explainable hypothesis before any escalation.,HUMAN DECISION REQUIRED,NOT ASSESSED OR FILED
INV-ENT-01083,ENT-01083,Vega-Jackson 0033,business,ecommerce,P2,OPEN TRIAGE,72,39.9,NONE,UNCLASSIFIED-MODEL-ONLY,3,22876.42,Model-only anomaly; no rule reason is available.,Establish an explainable hypothesis before any escalation.,HUMAN DECISION REQUIRED,NOT ASSESSED OR FILED
INV-ENT-01092,ENT-01092,Vargas-Miller 0042,business,wholesale,P2,OPEN TRIAGE,72,39.9,NONE,UNCLASSIFIED-MODEL-ONLY,2,120511.2,Model-only anomaly; no rule reason is available.,Establish an explainable hypothesis before any escalation.,HUMAN DECISION REQUIRED,NOT ASSESSED OR FILED
INV-ENT-01093,ENT-01093,Fisher-Kelly 0043,business,wholesale,P2,OPEN TRIAGE,72,39.9,NONE,UNCLASSIFIED-MODEL-ONLY,3,130608.02,Model-only anomaly; no rule reason is available.,Establish an explainable hypothesis before any escalation.,HUMAN DECISION REQUIRED,NOT ASSESSED OR FILED
INV-ENT-01094,ENT-01094,"Watkins, Chapman and Thompson 0044",business,wholesale,P2,OPEN TRIAGE,72,39.9,NONE,UNCLASSIFIED-MODEL-ONLY,1,57997.46,Model-only anomaly; no rule reason is available.,Establish an explainable hypothesis before any escalation.,HUMAN DECISION REQUIRED,NOT ASSESSED OR FILED
INV-ENT-01095,ENT-01095,Shaw-Murray 0045,business,retail_cash_intensive,P2,OPEN TRIAGE,72,39.9,NONE,UNCLASSIFIED-MODEL-ONLY,5,137645.71,Model-only anomaly; no rule reason is available.,Establish an explainable hypothesis before any escalation.,HUMAN DECISION REQUIRED,NOT ASSESSED OR FILED
INV-ENT-01097,ENT-01097,Fleming-Castillo 0047,business,retail_cash_intensive,P2,OPEN TRIAGE,72,39.9,NONE,UNCLASSIFIED-MODEL-ONLY,4,30000.0,Model-only anomaly; no rule reason is available.,Establish an explainable hypothesis before any escalation.,HUMAN DECISION REQUIRED,NOT ASSESSED OR FILED
INV-ENT-01101,ENT-01101,Wilson and Sons 0051,business,retail_cash_intensive,P2,OPEN TRIAGE,72,39.9,NONE,UNCLASSIFIED-MODEL-ONLY,4,106777.38,Model-only anomaly; no rule reason is available.,Establish an explainable hypothesis before any escalation.,HUMAN DECISION REQUIRED,NOT ASSESSED OR FILED
INV-ENT-01105,ENT-01105,Marquez-Russell 0055,business,professional_services,P2,OPEN TRIAGE,72,39.9,NONE,UNCLASSIFIED-MODEL-ONLY,2,95903.39,Model-only anomaly; no rule reason is available.,Establish an explainable hypothesis before any escalation.,HUMAN DECISION REQUIRED,NOT ASSESSED OR FILED
INV-ENT-01114,ENT-01114,Turner-Diaz 0064,business,retail_cash_intensive,P2,OPEN TRIAGE,72,39.9,NONE,UNCLASSIFIED-MODEL-ONLY,5,44535.48,Model-only anomaly; no rule reason is available.,Establish an explainable hypothesis before any escalation.,HUMAN DECISION REQUIRED,NOT ASSESSED OR FILED
INV-ENT-01115,ENT-01115,Gates-Hernandez 0065,business,ecommerce,P2,OPEN TRIAGE,72,39.9,NONE,UNCLASSIFIED-MODEL-ONLY,1,476.19,Model-only anomaly; no rule reason is available.,Establish an explainable hypothesis before any escalation.,HUMAN DECISION REQUIRED,NOT ASSESSED OR FILED
INV-ENT-01125,ENT-01125,Gross-Murphy 0075,business,wholesale,P2,OPEN TRIAGE,72,39.9,NONE,UNCLASSIFIED-MODEL-ONLY,1,93789.36,Model-only anomaly; no rule reason is available.,Establish an explainable hypothesis before any escalation.,HUMAN DECISION REQUIRED,NOT ASSESSED OR FILED
INV-ENT-01131,ENT-01131,"Davis, Fisher and Jacobs 0081",business,wholesale,P2,OPEN TRIAGE,72,39.9,NONE,UNCLASSIFIED-MODEL-ONLY,1,14174.92,Model-only anomaly; no rule reason is available.,Establish an explainable hypothesis before any escalation.,HUMAN DECISION REQUIRED,NOT ASSESSED OR FILED
INV-ENT-01137,ENT-01137,Lee PLC 0087,business,wholesale,P2,OPEN TRIAGE,72,39.9,NONE,UNCLASSIFIED-MODEL-ONLY,2,104582.64,Model-only anomaly; no rule reason is available.,Establish an explainable hypothesis before any escalation.,HUMAN DECISION REQUIRED,NOT ASSESSED OR FILED
INV-ENT-01141,ENT-01141,Murphy-Eaton 0091,business,wholesale,P2,OPEN TRIAGE,72,39.9,NONE,UNCLASSIFIED-MODEL-ONLY,2,113198.03,Model-only anomaly; no rule reason is available.,Establish an explainable hypothesis before any escalation.,HUMAN DECISION REQUIRED,NOT ASSESSED OR FILED
INV-ENT-01143,ENT-01143,"Howard, Jones and Berry 0093",business,retail_cash_intensive,P2,OPEN TRIAGE,72,39.9,NONE,UNCLASSIFIED-MODEL-ONLY,1,14000.0,Model-only anomaly; no rule reason is available.,Establish an explainable hypothesis before any escalation.,HUMAN DECISION REQUIRED,NOT ASSESSED OR FILED
INV-ENT-01146,ENT-01146,Herrera Inc 0096,business,wholesale,P2,OPEN TRIAGE,72,39.9,NONE,UNCLASSIFIED-MODEL-ONLY,1,61519.02,Model-only anomaly; no rule reason is available.,Establish an explainable hypothesis before any escalation.,HUMAN DECISION REQUIRED,NOT ASSESSED OR FILED
INV-ENT-01152,ENT-01152,Byrd Ltd 0102,business,professional_services,P2,OPEN TRIAGE,72,39.9,NONE,UNCLASSIFIED-MODEL-ONLY,2,52557.01,Model-only anomaly; no rule reason is available.,Establish an explainable hypothesis before any escalation.,HUMAN DECISION REQUIRED,NOT ASSESSED OR FILED
INV-ENT-01155,ENT-01155,Lee-Mclean 0105,business,professional_services,P2,OPEN TRIAGE,72,39.9,NONE,UNCLASSIFIED-MODEL-ONLY,2,78397.35,Model-only anomaly; no rule reason is available.,Establish an explainable hypothesis before any escalation.,HUMAN DECISION REQUIRED,NOT ASSESSED OR FILED
INV-ENT-01163,ENT-01163,Jordan Inc 0113,business,retail_cash_intensive,P2,OPEN TRIAGE,72,39.9,NONE,UNCLASSIFIED-MODEL-ONLY,2,14948.17,Model-only anomaly; no rule reason is available.,Establish an explainable hypothesis before any escalation.,HUMAN DECISION REQUIRED,NOT ASSESSED OR FILED
INV-ENT-01173,ENT-01173,Daugherty-Savage 0123,business,retail_cash_intensive,P2,OPEN TRIAGE,72,39.9,NONE,UNCLASSIFIED-MODEL-ONLY,2,28000.0,Model-only anomaly; no rule reason is available.,Establish an explainable hypothesis before any escalation.,HUMAN DECISION REQUIRED,NOT ASSESSED OR FILED
INV-ENT-01178,ENT-01178,"Coffey, Hughes and Terry 0128",business,wholesale,P2,OPEN TRIAGE,72,39.9,NONE,UNCLASSIFIED-MODEL-ONLY,3,19329.91,Model-only anomaly; no rule reason is available.,Establish an explainable hypothesis before any escalation.,HUMAN DECISION REQUIRED,NOT ASSESSED OR FILED
INV-ENT-01179,ENT-01179,"Smith, Brown and Barker 0129",business,professional_services,P2,OPEN TRIAGE,72,39.9,NONE,UNCLASSIFIED-MODEL-ONLY,2,19566.9,Model-only anomaly; no rule reason is available.,Establish an explainable hypothesis before any escalation.,HUMAN DECISION REQUIRED,NOT ASSESSED OR FILED
INV-ENT-01180,ENT-01180,"Boyle, Crosby and Foster 0130",business,retail_cash_intensive,P2,OPEN TRIAGE,72,39.9,NONE,UNCLASSIFIED-MODEL-ONLY,5,92237.07,Model-only anomaly; no rule reason is available.,Establish an explainable hypothesis before any escalation.,HUMAN DECISION REQUIRED,NOT ASSESSED OR FILED
INV-ENT-01191,ENT-01191,Brown-Marsh 0141,business,professional_services,P2,OPEN TRIAGE,72,39.9,NONE,UNCLASSIFIED-MODEL-ONLY,1,90452.13,Model-only anomaly; no rule reason is available.,Establish an explainable hypothesis before any escalation.,HUMAN DECISION REQUIRED,NOT ASSESSED OR FILED
INV-ENT-01193,ENT-01193,Lozano PLC 0143,business,retail_cash_intensive,P2,OPEN TRIAGE,72,39.9,NONE,UNCLASSIFIED-MODEL-ONLY,2,25000.54,Model-only anomaly; no rule reason is available.,Establish an explainable hypothesis before any escalation.,HUMAN DECISION REQUIRED,NOT ASSESSED OR FILED
INV-ENT-01194,ENT-01194,"Gutierrez, Walker and Holland 0144",business,wholesale,P2,OPEN TRIAGE,72,39.9,NONE,UNCLASSIFIED-MODEL-ONLY,3,84426.9,Model-only anomaly; no rule reason is available.,Establish an explainable hypothesis before any escalation.,HUMAN DECISION REQUIRED,NOT ASSESSED OR FILED
INV-ENT-01196,ENT-01196,Figueroa Inc 0146,business,wholesale,P2,OPEN TRIAGE,72,39.9,NONE,UNCLASSIFIED-MODEL-ONLY,4,144164.03,Model-only anomaly; no rule reason is available.,Establish an explainable hypothesis before any escalation.,HUMAN DECISION REQUIRED,NOT ASSESSED OR FILED
INV-ENT-01213,ENT-01213,Barnes and Sons 0163,business,retail_cash_intensive,P2,OPEN TRIAGE,72,39.9,NONE,UNCLASSIFIED-MODEL-ONLY,2,2000.0,Model-only anomaly; no rule reason is available.,Establish an explainable hypothesis before any escalation.,HUMAN DECISION REQUIRED,NOT ASSESSED OR FILED
INV-ENT-01225,ENT-01225,Beasley Ltd 0175,business,wholesale,P2,OPEN TRIAGE,72,39.9,NONE,UNCLASSIFIED-MODEL-ONLY,4,52815.49,Model-only anomaly; no rule reason is available.,Establish an explainable hypothesis before any escalation.,HUMAN DECISION REQUIRED,NOT ASSESSED OR FILED
INV-ENT-01232,ENT-01232,Jones LLC 0182,business,ecommerce,P2,OPEN TRIAGE,72,39.9,NONE,UNCLASSIFIED-MODEL-ONLY,1,1000.0,Model-only anomaly; no rule reason is available.,Establish an explainable hypothesis before any escalation.,HUMAN DECISION REQUIRED,NOT ASSESSED OR FILED
INV-ENT-01233,ENT-01233,"Gardner, Giles and Wong 0183",business,wholesale,P2,OPEN TRIAGE,72,39.9,NONE,UNCLASSIFIED-MODEL-ONLY,5,134245.54,Model-only anomaly; no rule reason is available.,Establish an explainable hypothesis before any escalation.,HUMAN DECISION REQUIRED,NOT ASSESSED OR FILED
INV-ENT-01236,ENT-01236,King Ltd 0186,business,professional_services,P2,OPEN TRIAGE,72,39.9,NONE,UNCLASSIFIED-MODEL-ONLY,1,74253.35,Model-only anomaly; no rule reason is available.,Establish an explainable hypothesis before any escalation.,HUMAN DECISION REQUIRED,NOT ASSESSED OR FILED
INV-ENT-01245,ENT-01245,Johnson-Macias 0195,business,wholesale,P2,OPEN TRIAGE,72,39.9,NONE,UNCLASSIFIED-MODEL-ONLY,8,25032.32,Model-only anomaly; no rule reason is available.,Establish an explainable hypothesis before any escalation.,HUMAN DECISION REQUIRED,NOT ASSESSED OR FILED
INV-ENT-01246,ENT-01246,Perez LLC 0196,business,retail_cash_intensive,P2,OPEN TRIAGE,72,39.9,NONE,UNCLASSIFIED-MODEL-ONLY,2,65212.72,Model-only anomaly; no rule reason is available.,Establish an explainable hypothesis before any escalation.,HUMAN DECISION REQUIRED,NOT ASSESSED OR FILED
INV-ENT-01247,ENT-01247,Fisher-White 0197,business,wholesale,P2,OPEN TRIAGE,72,39.9,NONE,UNCLASSIFIED-MODEL-ONLY,1,83750.24,Model-only anomaly; no rule reason is available.,Establish an explainable hypothesis before any escalation.,HUMAN DECISION REQUIRED,NOT ASSESSED OR FILED
INV-ENT-01250,ENT-01250,"Perez, Franklin and Peters 0200",business,retail_cash_intensive,P2,OPEN TRIAGE,72,39.9,NONE,UNCLASSIFIED-MODEL-ONLY,1,14000.0,Model-only anomaly; no rule reason is available.,Establish an explainable hypothesis before any escalation.,HUMAN DECISION REQUIRED,NOT ASSESSED OR FILED
INV-ENT-01266,ENT-01266,"Watkins, Gonzalez and Castillo 0216",business,professional_services,P2,OPEN TRIAGE,72,39.9,NONE,UNCLASSIFIED-MODEL-ONLY,3,112015.41,Model-only anomaly; no rule reason is available.,Establish an explainable hypothesis before any escalation.,HUMAN DECISION REQUIRED,NOT ASSESSED OR FILED
INV-ENT-01268,ENT-01268,Bell LLC 0218,business,retail_cash_intensive,P2,OPEN TRIAGE,72,39.9,NONE,UNCLASSIFIED-MODEL-ONLY,1,14000.0,Model-only anomaly; no rule reason is available.,Establish an explainable hypothesis before any escalation.,HUMAN DECISION REQUIRED,NOT ASSESSED OR FILED
INV-ENT-01271,ENT-01271,"Potter, Jennings and Jones 0221",business,retail_cash_intensive,P2,OPEN TRIAGE,72,39.9,NONE,UNCLASSIFIED-MODEL-ONLY,1,8812.67,Model-only anomaly; no rule reason is available.,Establish an explainable hypothesis before any escalation.,HUMAN DECISION REQUIRED,NOT ASSESSED OR FILED
INV-ENT-01276,ENT-01276,Cole LLC 0226,business,retail_cash_intensive,P2,OPEN TRIAGE,72,39.9,NONE,UNCLASSIFIED-MODEL-ONLY,5,84875.32,Model-only anomaly; no rule reason is available.,Establish an explainable hypothesis before any escalation.,HUMAN DECISION REQUIRED,NOT ASSESSED OR FILED
INV-ENT-01277,ENT-01277,Flynn and Sons 0227,business,wholesale,P2,OPEN TRIAGE,72,39.9,NONE,UNCLASSIFIED-MODEL-ONLY,1,23971.67,Model-only anomaly; no rule reason is available.,Establish an explainable hypothesis before any escalation.,HUMAN DECISION REQUIRED,NOT ASSESSED OR FILED
INV-ENT-01288,ENT-01288,"Gutierrez, Moore and Schmidt 0238",business,retail_cash_intensive,P2,OPEN TRIAGE,72,39.9,NONE,UNCLASSIFIED-MODEL-ONLY,2,20580.88,Model-only anomaly; no rule reason is available.,Establish an explainable hypothesis before any escalation.,HUMAN DECISION REQUIRED,NOT ASSESSED OR FILED
INV-ENT-01290,ENT-01290,Carey Inc 0240,business,retail_cash_intensive,P2,OPEN TRIAGE,72,39.9,NONE,UNCLASSIFIED-MODEL-ONLY,3,42000.0,Model-only anomaly; no rule reason is available.,Establish an explainable hypothesis before any escalation.,HUMAN DECISION REQUIRED,NOT ASSESSED OR FILED
INV-ENT-01312,ENT-01312,Sexton PLC 0262,business,professional_services,P2,OPEN TRIAGE,72,39.9,NONE,UNCLASSIFIED-MODEL-ONLY,1,65057.73,Model-only anomaly; no rule reason is available.,Establish an explainable hypothesis before any escalation.,HUMAN DECISION REQUIRED,NOT ASSESSED OR FILED
INV-ENT-01323,ENT-01323,Hardy Group 0273,business,ecommerce,P2,OPEN TRIAGE,72,39.9,NONE,UNCLASSIFIED-MODEL-ONLY,1,15124.45,Model-only anomaly; no rule reason is available.,Establish an explainable hypothesis before any escalation.,HUMAN DECISION REQUIRED,NOT ASSESSED OR FILED
INV-ENT-01324,ENT-01324,"Perry, Kidd and Adkins 0274",business,professional_services,P2,OPEN TRIAGE,72,39.9,NONE,UNCLASSIFIED-MODEL-ONLY,1,75762.03,Model-only anomaly; no rule reason is available.,Establish an explainable hypothesis before any escalation.,HUMAN DECISION REQUIRED,NOT ASSESSED OR FILED
INV-ENT-01332,ENT-01332,"Gaines, Webb and Coleman 0282",business,professional_services,P2,OPEN TRIAGE,72,39.9,NONE,UNCLASSIFIED-MODEL-ONLY,1,33041.01,Model-only anomaly; no rule reason is available.,Establish an explainable hypothesis before any escalation.,HUMAN DECISION REQUIRED,NOT ASSESSED OR FILED
INV-ENT-01339,ENT-01339,Phillips-Sanchez 0289,business,professional_services,P2,OPEN TRIAGE,72,39.9,NONE,UNCLASSIFIED-MODEL-ONLY,1,2000.0,Model-only anomaly; no rule reason is available.,Establish an explainable hypothesis before any escalation.,HUMAN DECISION REQUIRED,NOT ASSESSED OR FILED
INV-ENT-01340,ENT-01340,"Davis, Buchanan and Martinez 0290",business,ecommerce,P2,OPEN TRIAGE,72,39.9,NONE,UNCLASSIFIED-MODEL-ONLY,3,34710.64,Model-only anomaly; no rule reason is available.,Establish an explainable hypothesis before any escalation.,HUMAN DECISION REQUIRED,NOT ASSESSED OR FILED
INV-ENT-01341,ENT-01341,Rogers-Hartman 0291,business,ecommerce,P2,OPEN TRIAGE,72,39.9,NONE,UNCLASSIFIED-MODEL-ONLY,3,28941.28,Model-only anomaly; no rule reason is available.,Establish an explainable hypothesis before any escalation.,HUMAN DECISION REQUIRED,NOT ASSESSED OR FILED
INV-ENT-01346,ENT-01346,Aguilar and Sons 0296,business,wholesale,P2,OPEN TRIAGE,72,39.9,NONE,UNCLASSIFIED-MODEL-ONLY,1,55344.95,Model-only anomaly; no rule reason is available.,Establish an explainable hypothesis before any escalation.,HUMAN DECISION REQUIRED,NOT ASSESSED OR FILED
INV-ENT-01367,ENT-01367,Gibson and Sons 0317,business,wholesale,P2,OPEN TRIAGE,72,39.9,NONE,UNCLASSIFIED-MODEL-ONLY,3,80118.37,Model-only anomaly; no rule reason is available.,Establish an explainable hypothesis before any escalation.,HUMAN DECISION REQUIRED,NOT ASSESSED OR FILED
INV-ENT-01399,ENT-01399,"Michael, Bruce and Marshall 0349",business,retail_cash_intensive,P2,OPEN TRIAGE,72,39.9,NONE,UNCLASSIFIED-MODEL-ONLY,3,30000.0,Model-only anomaly; no rule reason is available.,Establish an explainable hypothesis before any escalation.,HUMAN DECISION REQUIRED,NOT ASSESSED OR FILED
INV-ENT-01401,ENT-01401,Calderon PLC 0351,business,retail_cash_intensive,P2,OPEN TRIAGE,72,39.9,NONE,UNCLASSIFIED-MODEL-ONLY,3,27740.62,Model-only anomaly; no rule reason is available.,Establish an explainable hypothesis before any escalation.,HUMAN DECISION REQUIRED,NOT ASSESSED OR FILED
INV-ENT-01407,ENT-01407,Rose-Johnson 0357,business,wholesale,P2,OPEN TRIAGE,72,39.9,NONE,UNCLASSIFIED-MODEL-ONLY,2,78762.76,Model-only anomaly; no rule reason is available.,Establish an explainable hypothesis before any escalation.,HUMAN DECISION REQUIRED,NOT ASSESSED OR FILED
INV-ENT-01417,ENT-01417,Hill PLC 0367,business,retail_cash_intensive,P2,OPEN TRIAGE,72,39.9,NONE,UNCLASSIFIED-MODEL-ONLY,1,14000.0,Model-only anomaly; no rule reason is available.,Establish an explainable hypothesis before any escalation.,HUMAN DECISION REQUIRED,NOT ASSESSED OR FILED
INV-ENT-01418,ENT-01418,Farmer and Sons 0368,business,retail_cash_intensive,P2,OPEN TRIAGE,72,39.9,NONE,UNCLASSIFIED-MODEL-ONLY,9,113000.0,Model-only anomaly; no rule reason is available.,Establish an explainable hypothesis before any escalation.,HUMAN DECISION REQUIRED,NOT ASSESSED OR FILED
INV-ENT-01440,ENT-01440,Soto-Richardson 0390,business,professional_services,P2,OPEN TRIAGE,72,39.9,NONE,UNCLASSIFIED-MODEL-ONLY,1,31012.54,Model-only anomaly; no rule reason is available.,Establish an explainable hypothesis before any escalation.,HUMAN DECISION REQUIRED,NOT ASSESSED OR FILED
INV-ENT-01446,ENT-01446,Mooney Inc 0396,business,retail_cash_intensive,P2,OPEN TRIAGE,72,39.9,NONE,UNCLASSIFIED-MODEL-ONLY,4,34000.0,Model-only anomaly; no rule reason is available.,Establish an explainable hypothesis before any escalation.,HUMAN DECISION REQUIRED,NOT ASSESSED OR FILED
INV-ENT-01448,ENT-01448,"Smith, Hall and White 0398",business,wholesale,P2,OPEN TRIAGE,72,39.9,NONE,UNCLASSIFIED-MODEL-ONLY,2,59336.84,Model-only anomaly; no rule reason is available.,Establish an explainable hypothesis before any escalation.,HUMAN DECISION REQUIRED,NOT ASSESSED OR FILED
INV-ENT-01450,ENT-01450,Estes-Jones 0400,business,retail_cash_intensive,P2,OPEN TRIAGE,72,39.9,NONE,UNCLASSIFIED-MODEL-ONLY,3,47648.22,Model-only anomaly; no rule reason is available.,Establish an explainable hypothesis before any escalation.,HUMAN DECISION REQUIRED,NOT ASSESSED OR FILED
INV-ENT-01452,ENT-01452,"West, Holmes and Nelson 0402",business,wholesale,P2,OPEN TRIAGE,72,39.9,NONE,UNCLASSIFIED-MODEL-ONLY,4,49758.12,Model-only anomaly; no rule reason is available.,Establish an explainable hypothesis before any escalation.,HUMAN DECISION REQUIRED,NOT ASSESSED OR FILED
INV-ENT-01455,ENT-01455,"Arellano, Rodriguez and Miranda 0405",business,ecommerce,P2,OPEN TRIAGE,72,39.9,NONE,UNCLASSIFIED-MODEL-ONLY,1,44203.54,Model-only anomaly; no rule reason is available.,Establish an explainable hypothesis before any escalation.,HUMAN DECISION REQUIRED,NOT ASSESSED OR FILED
INV-ENT-01456,ENT-01456,Olson-Jordan 0406,business,ecommerce,P2,OPEN TRIAGE,72,39.9,NONE,UNCLASSIFIED-MODEL-ONLY,3,88623.14,Model-only anomaly; no rule reason is available.,Establish an explainable hypothesis before any escalation.,HUMAN DECISION REQUIRED,NOT ASSESSED OR FILED
INV-ENT-01459,ENT-01459,"Cole, Liu and Irwin 0409",business,wholesale,P2,OPEN TRIAGE,72,39.9,NONE,UNCLASSIFIED-MODEL-ONLY,5,13588.17,Model-only anomaly; no rule reason is available.,Establish an explainable hypothesis before any escalation.,HUMAN DECISION REQUIRED,NOT ASSESSED OR FILED
INV-ENT-01465,ENT-01465,Greene-Stanton 0415,business,wholesale,P2,OPEN TRIAGE,72,39.9,NONE,UNCLASSIFIED-MODEL-ONLY,5,10732.5,Model-only anomaly; no rule reason is available.,Establish an explainable hypothesis before any escalation.,HUMAN DECISION REQUIRED,NOT ASSESSED OR FILED
INV-ENT-01471,ENT-01471,Gonzalez Group 0421,business,wholesale,P2,OPEN TRIAGE,72,39.9,NONE,UNCLASSIFIED-MODEL-ONLY,11,54348.05,Model-only anomaly; no rule reason is available.,Establish an explainable hypothesis before any escalation.,HUMAN DECISION REQUIRED,NOT ASSESSED OR FILED
INV-ENT-01476,ENT-01476,"Clements, George and Williams 0426",business,professional_services,P2,OPEN TRIAGE,72,39.9,NONE,UNCLASSIFIED-MODEL-ONLY,1,103103.83,Model-only anomaly; no rule reason is available.,Establish an explainable hypothesis before any escalation.,HUMAN DECISION REQUIRED,NOT ASSESSED OR FILED
INV-ENT-01477,ENT-01477,Hernandez-Perez 0427,business,retail_cash_intensive,P2,OPEN TRIAGE,72,39.9,NONE,UNCLASSIFIED-MODEL-ONLY,1,14000.0,Model-only anomaly; no rule reason is available.,Establish an explainable hypothesis before any escalation.,HUMAN DECISION REQUIRED,NOT ASSESSED OR FILED
INV-ENT-01484,ENT-01484,White-Patterson 0434,business,wholesale,P2,OPEN TRIAGE,72,39.9,NONE,UNCLASSIFIED-MODEL-ONLY,3,39549.77,Model-only anomaly; no rule reason is available.,Establish an explainable hypothesis before any escalation.,HUMAN DECISION REQUIRED,NOT ASSESSED OR FILED
INV-ENT-01486,ENT-01486,Woodward-Hunter 0436,business,wholesale,P2,OPEN TRIAGE,72,39.9,NONE,UNCLASSIFIED-MODEL-ONLY,2,92057.34,Model-only anomaly; no rule reason is available.,Establish an explainable hypothesis before any escalation.,HUMAN DECISION REQUIRED,NOT ASSESSED OR FILED
INV-ENT-01492,ENT-01492,Ayala and Sons 0442,business,wholesale,P2,OPEN TRIAGE,72,39.9,NONE,UNCLASSIFIED-MODEL-ONLY,7,23391.02,Model-only anomaly; no rule reason is available.,Establish an explainable hypothesis before any escalation.,HUMAN DECISION REQUIRED,NOT ASSESSED OR FILED
INV-ENT-01500,ENT-01500,Harding Ltd 0450,business,ecommerce,P2,OPEN TRIAGE,72,39.9,NONE,UNCLASSIFIED-MODEL-ONLY,1,15069.74,Model-only anomaly; no rule reason is available.,Establish an explainable hypothesis before any escalation.,HUMAN DECISION REQUIRED,NOT ASSESSED OR FILED
INV-ENT-00036,ENT-00036,Jessica Gray,individual,gig,P2,OPEN TRIAGE,72,39.8,NONE,UNCLASSIFIED-MODEL-ONLY,4,4897.5,Model-only anomaly; no rule reason is available.,Establish an explainable hypothesis before any escalation.,HUMAN DECISION REQUIRED,NOT ASSESSED OR FILED
INV-ENT-00246,ENT-00246,Joshua Ramsey,individual,gig,P2,OPEN TRIAGE,72,39.8,NONE,UNCLASSIFIED-MODEL-ONLY,1,93.84,Model-only anomaly; no rule reason is available.,Establish an explainable hypothesis before any escalation.,HUMAN DECISION REQUIRED,NOT ASSESSED OR FILED
INV-ENT-00278,ENT-00278,Stephanie Miller,individual,self_employed,P2,OPEN TRIAGE,72,39.8,NONE,UNCLASSIFIED-MODEL-ONLY,1,319.62,Model-only anomaly; no rule reason is available.,Establish an explainable hypothesis before any escalation.,HUMAN DECISION REQUIRED,NOT ASSESSED OR FILED
INV-ENT-00282,ENT-00282,Cheyenne King,individual,gig,P2,OPEN TRIAGE,72,39.8,NONE,UNCLASSIFIED-MODEL-ONLY,1,447.41,Model-only anomaly; no rule reason is available.,Establish an explainable hypothesis before any escalation.,HUMAN DECISION REQUIRED,NOT ASSESSED OR FILED
INV-ENT-00296,ENT-00296,Kelsey Hansen,individual,salaried,P2,OPEN TRIAGE,72,39.8,NONE,UNCLASSIFIED-MODEL-ONLY,1,2000.0,Model-only anomaly; no rule reason is available.,Establish an explainable hypothesis before any escalation.,HUMAN DECISION REQUIRED,NOT ASSESSED OR FILED
INV-ENT-00368,ENT-00368,Angelica Fowler,individual,self_employed,P2,OPEN TRIAGE,72,39.8,NONE,UNCLASSIFIED-MODEL-ONLY,1,645.03,Model-only anomaly; no rule reason is available.,Establish an explainable hypothesis before any escalation.,HUMAN DECISION REQUIRED,NOT ASSESSED OR FILED
INV-ENT-00424,ENT-00424,Jennifer Klein,individual,self_employed,P2,OPEN TRIAGE,72,39.8,NONE,UNCLASSIFIED-MODEL-ONLY,1,109.01,Model-only anomaly; no rule reason is available.,Establish an explainable hypothesis before any escalation.,HUMAN DECISION REQUIRED,NOT ASSESSED OR FILED
INV-ENT-00471,ENT-00471,Cheyenne Rios,individual,gig,P2,OPEN TRIAGE,72,39.8,NONE,UNCLASSIFIED-MODEL-ONLY,1,78.58,Model-only anomaly; no rule reason is available.,Establish an explainable hypothesis before any escalation.,HUMAN DECISION REQUIRED,NOT ASSESSED OR FILED
INV-ENT-00532,ENT-00532,Joseph Medina,individual,retired,P2,OPEN TRIAGE,72,39.8,NONE,UNCLASSIFIED-MODEL-ONLY,1,3350.0,Model-only anomaly; no rule reason is available.,Establish an explainable hypothesis before any escalation.,HUMAN DECISION REQUIRED,NOT ASSESSED OR FILED
INV-ENT-00577,ENT-00577,Patrick Turner,individual,gig,P2,OPEN TRIAGE,72,39.8,NONE,UNCLASSIFIED-MODEL-ONLY,1,1651.72,Model-only anomaly; no rule reason is available.,Establish an explainable hypothesis before any escalation.,HUMAN DECISION REQUIRED,NOT ASSESSED OR FILED
INV-ENT-00731,ENT-00731,Manuel Frazier,individual,self_employed,P2,OPEN TRIAGE,72,39.8,NONE,UNCLASSIFIED-MODEL-ONLY,2,964.57,Model-only anomaly; no rule reason is available.,Establish an explainable hypothesis before any escalation.,HUMAN DECISION REQUIRED,NOT ASSESSED OR FILED
INV-ENT-01005,ENT-01005,Cody Gonzales,individual,salaried,P2,OPEN TRIAGE,72,39.8,NONE,UNCLASSIFIED-MODEL-ONLY,1,3000.0,Model-only anomaly; no rule reason is available.,Establish an explainable hypothesis before any escalation.,HUMAN DECISION REQUIRED,NOT ASSESSED OR FILED
INV-ENT-01055,ENT-01055,Henry-Anderson 0005,business,wholesale,P2,OPEN TRIAGE,72,39.8,NONE,UNCLASSIFIED-MODEL-ONLY,1,13956.83,Model-only anomaly; no rule reason is available.,Establish an explainable hypothesis before any escalation.,HUMAN DECISION REQUIRED,NOT ASSESSED OR FILED
INV-ENT-01057,ENT-01057,Brennan-Smith 0007,business,professional_services,P2,OPEN TRIAGE,72,39.8,NONE,UNCLASSIFIED-MODEL-ONLY,1,67667.65,Model-only anomaly; no rule reason is available.,Establish an explainable hypothesis before any escalation.,HUMAN DECISION REQUIRED,NOT ASSESSED OR FILED
INV-ENT-01059,ENT-01059,Moore-Miller 0009,business,wholesale,P2,OPEN TRIAGE,72,39.8,NONE,UNCLASSIFIED-MODEL-ONLY,1,73253.06,Model-only anomaly; no rule reason is available.,Establish an explainable hypothesis before any escalation.,HUMAN DECISION REQUIRED,NOT ASSESSED OR FILED
INV-ENT-01060,ENT-01060,"Martin, Rasmussen and Miller 0010",business,wholesale,P2,OPEN TRIAGE,72,39.8,NONE,UNCLASSIFIED-MODEL-ONLY,2,23352.97,Model-only anomaly; no rule reason is available.,Establish an explainable hypothesis before any escalation.,HUMAN DECISION REQUIRED,NOT ASSESSED OR FILED
INV-ENT-01069,ENT-01069,"Moore, Graham and Campbell 0019",business,wholesale,P2,OPEN TRIAGE,72,39.8,NONE,UNCLASSIFIED-MODEL-ONLY,2,81085.52,Model-only anomaly; no rule reason is available.,Establish an explainable hypothesis before any escalation.,HUMAN DECISION REQUIRED,NOT ASSESSED OR FILED
INV-ENT-01090,ENT-01090,Orr Inc 0040,business,retail_cash_intensive,P2,OPEN TRIAGE,72,39.8,NONE,UNCLASSIFIED-MODEL-ONLY,1,13598.08,Model-only anomaly; no rule reason is available.,Establish an explainable hypothesis before any escalation.,HUMAN DECISION REQUIRED,NOT ASSESSED OR FILED
INV-ENT-01096,ENT-01096,Stout-Sheppard 0046,business,ecommerce,P2,OPEN TRIAGE,72,39.8,NONE,UNCLASSIFIED-MODEL-ONLY,3,13914.78,Model-only anomaly; no rule reason is available.,Establish an explainable hypothesis before any escalation.,HUMAN DECISION REQUIRED,NOT ASSESSED OR FILED
INV-ENT-01113,ENT-01113,"Taylor, Young and Fowler 0063",business,professional_services,P2,OPEN TRIAGE,72,39.8,NONE,UNCLASSIFIED-MODEL-ONLY,1,13330.82,Model-only anomaly; no rule reason is available.,Establish an explainable hypothesis before any escalation.,HUMAN DECISION REQUIRED,NOT ASSESSED OR FILED
INV-ENT-01128,ENT-01128,"Castillo, Malone and Bryan 0078",business,retail_cash_intensive,P2,OPEN TRIAGE,72,39.8,NONE,UNCLASSIFIED-MODEL-ONLY,1,1000.0,Model-only anomaly; no rule reason is available.,Establish an explainable hypothesis before any escalation.,HUMAN DECISION REQUIRED,NOT ASSESSED OR FILED
INV-ENT-01133,ENT-01133,Mann-Young 0083,business,wholesale,P2,OPEN TRIAGE,72,39.8,NONE,UNCLASSIFIED-MODEL-ONLY,3,12130.8,Model-only anomaly; no rule reason is available.,Establish an explainable hypothesis before any escalation.,HUMAN DECISION REQUIRED,NOT ASSESSED OR FILED
INV-ENT-01136,ENT-01136,"Ewing, Johns and David 0086",business,wholesale,P2,OPEN TRIAGE,72,39.8,NONE,UNCLASSIFIED-MODEL-ONLY,2,60287.1,Model-only anomaly; no rule reason is available.,Establish an explainable hypothesis before any escalation.,HUMAN DECISION REQUIRED,NOT ASSESSED OR FILED
INV-ENT-01138,ENT-01138,Perry-Evans 0088,business,retail_cash_intensive,P2,OPEN TRIAGE,72,39.8,NONE,UNCLASSIFIED-MODEL-ONLY,3,22355.92,Model-only anomaly; no rule reason is available.,Establish an explainable hypothesis before any escalation.,HUMAN DECISION REQUIRED,NOT ASSESSED OR FILED
INV-ENT-01162,ENT-01162,Roberts-White 0112,business,ecommerce,P2,OPEN TRIAGE,72,39.8,NONE,UNCLASSIFIED-MODEL-ONLY,2,1435.51,Model-only anomaly; no rule reason is available.,Establish an explainable hypothesis before any escalation.,HUMAN DECISION REQUIRED,NOT ASSESSED OR FILED
INV-ENT-01177,ENT-01177,Gibson-Watson 0127,business,ecommerce,P2,OPEN TRIAGE,72,39.8,NONE,UNCLASSIFIED-MODEL-ONLY,1,13518.2,Model-only anomaly; no rule reason is available.,Establish an explainable hypothesis before any escalation.,HUMAN DECISION REQUIRED,NOT ASSESSED OR FILED
INV-ENT-01186,ENT-01186,"Dawson, Miller and Edwards 0136",business,professional_services,P2,OPEN TRIAGE,72,39.8,NONE,UNCLASSIFIED-MODEL-ONLY,1,57028.9,Model-only anomaly; no rule reason is available.,Establish an explainable hypothesis before any escalation.,HUMAN DECISION REQUIRED,NOT ASSESSED OR FILED
INV-ENT-01197,ENT-01197,"Kline, Duke and Olson 0147",business,ecommerce,P2,OPEN TRIAGE,72,39.8,NONE,UNCLASSIFIED-MODEL-ONLY,1,1104.08,Model-only anomaly; no rule reason is available.,Establish an explainable hypothesis before any escalation.,HUMAN DECISION REQUIRED,NOT ASSESSED OR FILED
INV-ENT-01200,ENT-01200,"Burch, Dunn and Woods 0150",business,wholesale,P2,OPEN TRIAGE,72,39.8,NONE,UNCLASSIFIED-MODEL-ONLY,2,39662.2,Model-only anomaly; no rule reason is available.,Establish an explainable hypothesis before any escalation.,HUMAN DECISION REQUIRED,NOT ASSESSED OR FILED
INV-ENT-01210,ENT-01210,"Jones, Chase and Atkins 0160",business,retail_cash_intensive,P2,OPEN TRIAGE,72,39.8,NONE,UNCLASSIFIED-MODEL-ONLY,4,36434.08,Model-only anomaly; no rule reason is available.,Establish an explainable hypothesis before any escalation.,HUMAN DECISION REQUIRED,NOT ASSESSED OR FILED
INV-ENT-01211,ENT-01211,Porter Group 0161,business,professional_services,P2,OPEN TRIAGE,72,39.8,NONE,UNCLASSIFIED-MODEL-ONLY,1,32706.43,Model-only anomaly; no rule reason is available.,Establish an explainable hypothesis before any escalation.,HUMAN DECISION REQUIRED,NOT ASSESSED OR FILED
INV-ENT-01220,ENT-01220,Brown-Kennedy 0170,business,wholesale,P2,OPEN TRIAGE,72,39.8,NONE,UNCLASSIFIED-MODEL-ONLY,2,65763.38,Model-only anomaly; no rule reason is available.,Establish an explainable hypothesis before any escalation.,HUMAN DECISION REQUIRED,NOT ASSESSED OR FILED
INV-ENT-01222,ENT-01222,Miller-Lane 0172,business,wholesale,P2,OPEN TRIAGE,72,39.8,NONE,UNCLASSIFIED-MODEL-ONLY,3,135540.89,Model-only anomaly; no rule reason is available.,Establish an explainable hypothesis before any escalation.,HUMAN DECISION REQUIRED,NOT ASSESSED OR FILED
INV-ENT-01226,ENT-01226,Patel-Holmes 0176,business,wholesale,P2,OPEN TRIAGE,72,39.8,NONE,UNCLASSIFIED-MODEL-ONLY,3,32663.47,Model-only anomaly; no rule reason is available.,Establish an explainable hypothesis before any escalation.,HUMAN DECISION REQUIRED,NOT ASSESSED OR FILED
INV-ENT-01237,ENT-01237,Fowler-Mcgrath 0187,business,wholesale,P2,OPEN TRIAGE,72,39.8,NONE,UNCLASSIFIED-MODEL-ONLY,1,70854.59,Model-only anomaly; no rule reason is available.,Establish an explainable hypothesis before any escalation.,HUMAN DECISION REQUIRED,NOT ASSESSED OR FILED
INV-ENT-01249,ENT-01249,Rosario-Maldonado 0199,business,retail_cash_intensive,P2,OPEN TRIAGE,72,39.8,NONE,UNCLASSIFIED-MODEL-ONLY,2,26797.43,Model-only anomaly; no rule reason is available.,Establish an explainable hypothesis before any escalation.,HUMAN DECISION REQUIRED,NOT ASSESSED OR FILED
INV-ENT-01273,ENT-01273,Johnson-Carrillo 0223,business,retail_cash_intensive,P2,OPEN TRIAGE,72,39.8,NONE,UNCLASSIFIED-MODEL-ONLY,3,68880.92,Model-only anomaly; no rule reason is available.,Establish an explainable hypothesis before any escalation.,HUMAN DECISION REQUIRED,NOT ASSESSED OR FILED
INV-ENT-01275,ENT-01275,Hayes-Evans 0225,business,retail_cash_intensive,P2,OPEN TRIAGE,72,39.8,NONE,UNCLASSIFIED-MODEL-ONLY,2,19000.0,Model-only anomaly; no rule reason is available.,Establish an explainable hypothesis before any escalation.,HUMAN DECISION REQUIRED,NOT ASSESSED OR FILED
INV-ENT-01281,ENT-01281,Davis-Lewis 0231,business,ecommerce,P2,OPEN TRIAGE,72,39.8,NONE,UNCLASSIFIED-MODEL-ONLY,4,53358.84,Model-only anomaly; no rule reason is available.,Establish an explainable hypothesis before any escalation.,HUMAN DECISION REQUIRED,NOT ASSESSED OR FILED
INV-ENT-01297,ENT-01297,"Lin, Vincent and Fuentes 0247",business,professional_services,P2,OPEN TRIAGE,72,39.8,NONE,UNCLASSIFIED-MODEL-ONLY,1,29162.11,Model-only anomaly; no rule reason is available.,Establish an explainable hypothesis before any escalation.,HUMAN DECISION REQUIRED,NOT ASSESSED OR FILED
INV-ENT-01299,ENT-01299,"Castillo, Sweeney and Russell 0249",business,professional_services,P2,OPEN TRIAGE,72,39.8,NONE,UNCLASSIFIED-MODEL-ONLY,1,27509.74,Model-only anomaly; no rule reason is available.,Establish an explainable hypothesis before any escalation.,HUMAN DECISION REQUIRED,NOT ASSESSED OR FILED
INV-ENT-01301,ENT-01301,Salinas and Sons 0251,business,retail_cash_intensive,P2,OPEN TRIAGE,72,39.8,NONE,UNCLASSIFIED-MODEL-ONLY,1,45904.18,Model-only anomaly; no rule reason is available.,Establish an explainable hypothesis before any escalation.,HUMAN DECISION REQUIRED,NOT ASSESSED OR FILED
INV-ENT-01305,ENT-01305,"Morgan, Payne and Walsh 0255",business,wholesale,P2,OPEN TRIAGE,72,39.8,NONE,UNCLASSIFIED-MODEL-ONLY,5,28497.52,Model-only anomaly; no rule reason is available.,Establish an explainable hypothesis before any escalation.,HUMAN DECISION REQUIRED,NOT ASSESSED OR FILED
INV-ENT-01313,ENT-01313,Reynolds and Sons 0263,business,retail_cash_intensive,P2,OPEN TRIAGE,72,39.8,NONE,UNCLASSIFIED-MODEL-ONLY,1,2000.0,Model-only anomaly; no rule reason is available.,Establish an explainable hypothesis before any escalation.,HUMAN DECISION REQUIRED,NOT ASSESSED OR FILED
INV-ENT-01320,ENT-01320,Simpson LLC 0270,business,wholesale,P2,OPEN TRIAGE,72,39.8,NONE,UNCLASSIFIED-MODEL-ONLY,2,60778.13,Model-only anomaly; no rule reason is available.,Establish an explainable hypothesis before any escalation.,HUMAN DECISION REQUIRED,NOT ASSESSED OR FILED
INV-ENT-01326,ENT-01326,"Lewis, Deleon and Banks 0276",business,retail_cash_intensive,P2,OPEN TRIAGE,72,39.8,NONE,UNCLASSIFIED-MODEL-ONLY,3,42000.0,Model-only anomaly; no rule reason is available.,Establish an explainable hypothesis before any escalation.,HUMAN DECISION REQUIRED,NOT ASSESSED OR FILED
INV-ENT-01333,ENT-01333,Green Group 0283,business,professional_services,P2,OPEN TRIAGE,72,39.8,NONE,UNCLASSIFIED-MODEL-ONLY,1,81010.87,Model-only anomaly; no rule reason is available.,Establish an explainable hypothesis before any escalation.,HUMAN DECISION REQUIRED,NOT ASSESSED OR FILED
INV-ENT-01342,ENT-01342,"Flores, Burns and Nicholson 0292",business,professional_services,P2,OPEN TRIAGE,72,39.8,NONE,UNCLASSIFIED-MODEL-ONLY,1,1846.02,Model-only anomaly; no rule reason is available.,Establish an explainable hypothesis before any escalation.,HUMAN DECISION REQUIRED,NOT ASSESSED OR FILED
INV-ENT-01344,ENT-01344,Short Ltd 0294,business,retail_cash_intensive,P2,OPEN TRIAGE,72,39.8,NONE,UNCLASSIFIED-MODEL-ONLY,4,43248.86,Model-only anomaly; no rule reason is available.,Establish an explainable hypothesis before any escalation.,HUMAN DECISION REQUIRED,NOT ASSESSED OR FILED
INV-ENT-01345,ENT-01345,Hall PLC 0295,business,wholesale,P2,OPEN TRIAGE,72,39.8,NONE,UNCLASSIFIED-MODEL-ONLY,6,101385.37,Model-only anomaly; no rule reason is available.,Establish an explainable hypothesis before any escalation.,HUMAN DECISION REQUIRED,NOT ASSESSED OR FILED
INV-ENT-01347,ENT-01347,Barnes Ltd 0297,business,professional_services,P2,OPEN TRIAGE,72,39.8,NONE,UNCLASSIFIED-MODEL-ONLY,3,36284.84,Model-only anomaly; no rule reason is available.,Establish an explainable hypothesis before any escalation.,HUMAN DECISION REQUIRED,NOT ASSESSED OR FILED
INV-ENT-01348,ENT-01348,Stewart PLC 0298,business,professional_services,P2,OPEN TRIAGE,72,39.8,NONE,UNCLASSIFIED-MODEL-ONLY,1,47132.11,Model-only anomaly; no rule reason is available.,Establish an explainable hypothesis before any escalation.,HUMAN DECISION REQUIRED,NOT ASSESSED OR FILED
INV-ENT-01353,ENT-01353,Harmon-Dougherty 0303,business,wholesale,P2,OPEN TRIAGE,72,39.8,NONE,UNCLASSIFIED-MODEL-ONLY,3,120668.46,Model-only anomaly; no rule reason is available.,Establish an explainable hypothesis before any escalation.,HUMAN DECISION REQUIRED,NOT ASSESSED OR FILED
INV-ENT-01372,ENT-01372,"Powell, Roman and Erickson 0322",business,professional_services,P2,OPEN TRIAGE,72,39.8,NONE,UNCLASSIFIED-MODEL-ONLY,1,41120.4,Model-only anomaly; no rule reason is available.,Establish an explainable hypothesis before any escalation.,HUMAN DECISION REQUIRED,NOT ASSESSED OR FILED
INV-ENT-01379,ENT-01379,"Reeves, Larson and Lynch 0329",business,wholesale,P2,OPEN TRIAGE,72,39.8,NONE,UNCLASSIFIED-MODEL-ONLY,4,26435.25,Model-only anomaly; no rule reason is available.,Establish an explainable hypothesis before any escalation.,HUMAN DECISION REQUIRED,NOT ASSESSED OR FILED
INV-ENT-01384,ENT-01384,Gibbs-Welch 0334,business,retail_cash_intensive,P2,OPEN TRIAGE,72,39.8,NONE,UNCLASSIFIED-MODEL-ONLY,3,83544.13,Model-only anomaly; no rule reason is available.,Establish an explainable hypothesis before any escalation.,HUMAN DECISION REQUIRED,NOT ASSESSED OR FILED
INV-ENT-01388,ENT-01388,Cook-Mack 0338,business,retail_cash_intensive,P2,OPEN TRIAGE,72,39.8,NONE,UNCLASSIFIED-MODEL-ONLY,1,14000.0,Model-only anomaly; no rule reason is available.,Establish an explainable hypothesis before any escalation.,HUMAN DECISION REQUIRED,NOT ASSESSED OR FILED
INV-ENT-01389,ENT-01389,"Valencia, Wood and Douglas 0339",business,professional_services,P2,OPEN TRIAGE,72,39.8,NONE,UNCLASSIFIED-MODEL-ONLY,1,34014.22,Model-only anomaly; no rule reason is available.,Establish an explainable hypothesis before any escalation.,HUMAN DECISION REQUIRED,NOT ASSESSED OR FILED
INV-ENT-01411,ENT-01411,Spencer-Rollins 0361,business,ecommerce,P2,OPEN TRIAGE,72,39.8,NONE,UNCLASSIFIED-MODEL-ONLY,1,53182.16,Model-only anomaly; no rule reason is available.,Establish an explainable hypothesis before any escalation.,HUMAN DECISION REQUIRED,NOT ASSESSED OR FILED
INV-ENT-01421,ENT-01421,Hill-Merritt 0371,business,retail_cash_intensive,P2,OPEN TRIAGE,72,39.8,NONE,UNCLASSIFIED-MODEL-ONLY,3,33229.03,Model-only anomaly; no rule reason is available.,Establish an explainable hypothesis before any escalation.,HUMAN DECISION REQUIRED,NOT ASSESSED OR FILED
INV-ENT-01425,ENT-01425,Norman PLC 0375,business,ecommerce,P2,OPEN TRIAGE,72,39.8,NONE,UNCLASSIFIED-MODEL-ONLY,2,2424.78,Model-only anomaly; no rule reason is available.,Establish an explainable hypothesis before any escalation.,HUMAN DECISION REQUIRED,NOT ASSESSED OR FILED
INV-ENT-01427,ENT-01427,Hill-French 0377,business,ecommerce,P2,OPEN TRIAGE,72,39.8,NONE,UNCLASSIFIED-MODEL-ONLY,1,29557.74,Model-only anomaly; no rule reason is available.,Establish an explainable hypothesis before any escalation.,HUMAN DECISION REQUIRED,NOT ASSESSED OR FILED
INV-ENT-01428,ENT-01428,"Martinez, Hurley and Gates 0378",business,retail_cash_intensive,P2,OPEN TRIAGE,72,39.8,NONE,UNCLASSIFIED-MODEL-ONLY,2,17000.0,Model-only anomaly; no rule reason is available.,Establish an explainable hypothesis before any escalation.,HUMAN DECISION REQUIRED,NOT ASSESSED OR FILED
INV-ENT-01430,ENT-01430,"Watson, Garcia and Atkinson 0380",business,retail_cash_intensive,P2,OPEN TRIAGE,72,39.8,NONE,UNCLASSIFIED-MODEL-ONLY,2,2354.39,Model-only anomaly; no rule reason is available.,Establish an explainable hypothesis before any escalation.,HUMAN DECISION REQUIRED,NOT ASSESSED OR FILED
INV-ENT-01432,ENT-01432,Craig-Sharp 0382,business,professional_services,P2,OPEN TRIAGE,72,39.8,NONE,UNCLASSIFIED-MODEL-ONLY,1,52357.36,Model-only anomaly; no rule reason is available.,Establish an explainable hypothesis before any escalation.,HUMAN DECISION REQUIRED,NOT ASSESSED OR FILED
INV-ENT-01434,ENT-01434,Barnes-Olson 0384,business,professional_services,P2,OPEN TRIAGE,72,39.8,NONE,UNCLASSIFIED-MODEL-ONLY,1,36426.34,Model-only anomaly; no rule reason is available.,Establish an explainable hypothesis before any escalation.,HUMAN DECISION REQUIRED,NOT ASSESSED OR FILED
INV-ENT-01441,ENT-01441,Wilcox-Long 0391,business,wholesale,P2,OPEN TRIAGE,72,39.8,NONE,UNCLASSIFIED-MODEL-ONLY,2,32019.06,Model-only anomaly; no rule reason is available.,Establish an explainable hypothesis before any escalation.,HUMAN DECISION REQUIRED,NOT ASSESSED OR FILED
INV-ENT-01449,ENT-01449,Fletcher-Smith 0399,business,professional_services,P2,OPEN TRIAGE,72,39.8,NONE,UNCLASSIFIED-MODEL-ONLY,1,565.46,Model-only anomaly; no rule reason is available.,Establish an explainable hypothesis before any escalation.,HUMAN DECISION REQUIRED,NOT ASSESSED OR FILED
INV-ENT-01457,ENT-01457,Torres-Terrell 0407,business,retail_cash_intensive,P2,OPEN TRIAGE,72,39.8,NONE,UNCLASSIFIED-MODEL-ONLY,1,43635.95,Model-only anomaly; no rule reason is available.,Establish an explainable hypothesis before any escalation.,HUMAN DECISION REQUIRED,NOT ASSESSED OR FILED
INV-ENT-01464,ENT-01464,"Jimenez, Shah and Woodward 0414",business,retail_cash_intensive,P2,OPEN TRIAGE,72,39.8,NONE,UNCLASSIFIED-MODEL-ONLY,1,14000.0,Model-only anomaly; no rule reason is available.,Establish an explainable hypothesis before any escalation.,HUMAN DECISION REQUIRED,NOT ASSESSED OR FILED
INV-ENT-01472,ENT-01472,Patel-Salinas 0422,business,wholesale,P2,OPEN TRIAGE,72,39.8,NONE,UNCLASSIFIED-MODEL-ONLY,2,90066.36,Model-only anomaly; no rule reason is available.,Establish an explainable hypothesis before any escalation.,HUMAN DECISION REQUIRED,NOT ASSESSED OR FILED
INV-ENT-01485,ENT-01485,Austin-Garcia 0435,business,retail_cash_intensive,P2,OPEN TRIAGE,72,39.8,NONE,UNCLASSIFIED-MODEL-ONLY,3,13902.77,Model-only anomaly; no rule reason is available.,Establish an explainable hypothesis before any escalation.,HUMAN DECISION REQUIRED,NOT ASSESSED OR FILED
INV-ENT-01489,ENT-01489,Kemp-Eaton 0439,business,retail_cash_intensive,P2,OPEN TRIAGE,72,39.8,NONE,UNCLASSIFIED-MODEL-ONLY,1,5973.13,Model-only anomaly; no rule reason is available.,Establish an explainable hypothesis before any escalation.,HUMAN DECISION REQUIRED,NOT ASSESSED OR FILED
INV-ENT-00081,ENT-00081,Michele Carrillo,individual,self_employed,P2,OPEN TRIAGE,72,39.7,NONE,UNCLASSIFIED-MODEL-ONLY,1,140.25,Model-only anomaly; no rule reason is available.,Establish an explainable hypothesis before any escalation.,HUMAN DECISION REQUIRED,NOT ASSESSED OR FILED
INV-ENT-00474,ENT-00474,Kenneth Clark,individual,retired,P2,OPEN TRIAGE,72,39.7,NONE,UNCLASSIFIED-MODEL-ONLY,1,2500.0,Model-only anomaly; no rule reason is available.,Establish an explainable hypothesis before any escalation.,HUMAN DECISION REQUIRED,NOT ASSESSED OR FILED
INV-ENT-00549,ENT-00549,Jared Flores,individual,salaried,P2,OPEN TRIAGE,72,39.7,NONE,UNCLASSIFIED-MODEL-ONLY,1,3000.0,Model-only anomaly; no rule reason is available.,Establish an explainable hypothesis before any escalation.,HUMAN DECISION REQUIRED,NOT ASSESSED OR FILED
INV-ENT-00625,ENT-00625,Melissa Williams,individual,salaried,P2,OPEN TRIAGE,72,39.7,NONE,UNCLASSIFIED-MODEL-ONLY,1,8442.39,Model-only anomaly; no rule reason is available.,Establish an explainable hypothesis before any escalation.,HUMAN DECISION REQUIRED,NOT ASSESSED OR FILED
INV-ENT-00694,ENT-00694,Martin Zhang,individual,salaried,P2,OPEN TRIAGE,72,39.7,NONE,UNCLASSIFIED-MODEL-ONLY,2,2000.0,Model-only anomaly; no rule reason is available.,Establish an explainable hypothesis before any escalation.,HUMAN DECISION REQUIRED,NOT ASSESSED OR FILED
INV-ENT-00698,ENT-00698,Keith Lewis,individual,salaried,P2,OPEN TRIAGE,72,39.7,NONE,UNCLASSIFIED-MODEL-ONLY,1,3000.0,Model-only anomaly; no rule reason is available.,Establish an explainable hypothesis before any escalation.,HUMAN DECISION REQUIRED,NOT ASSESSED OR FILED
INV-ENT-00797,ENT-00797,Dr. Brian Summers,individual,self_employed,P2,OPEN TRIAGE,72,39.7,NONE,UNCLASSIFIED-MODEL-ONLY,1,76.23,Model-only anomaly; no rule reason is available.,Establish an explainable hypothesis before any escalation.,HUMAN DECISION REQUIRED,NOT ASSESSED OR FILED
INV-ENT-00821,ENT-00821,Rachel Lopez,individual,retired,P2,OPEN TRIAGE,72,39.7,NONE,UNCLASSIFIED-MODEL-ONLY,1,2750.0,Model-only anomaly; no rule reason is available.,Establish an explainable hypothesis before any escalation.,HUMAN DECISION REQUIRED,NOT ASSESSED OR FILED
INV-ENT-00852,ENT-00852,Bianca White,individual,gig,P2,OPEN TRIAGE,72,39.7,NONE,UNCLASSIFIED-MODEL-ONLY,1,384.76,Model-only anomaly; no rule reason is available.,Establish an explainable hypothesis before any escalation.,HUMAN DECISION REQUIRED,NOT ASSESSED OR FILED
INV-ENT-00880,ENT-00880,Tiffany Jones,individual,self_employed,P2,OPEN TRIAGE,72,39.7,NONE,UNCLASSIFIED-MODEL-ONLY,1,143.88,Model-only anomaly; no rule reason is available.,Establish an explainable hypothesis before any escalation.,HUMAN DECISION REQUIRED,NOT ASSESSED OR FILED
INV-ENT-00997,ENT-00997,Michael Robinson MD,individual,retired,P2,OPEN TRIAGE,72,39.7,NONE,UNCLASSIFIED-MODEL-ONLY,2,3398.65,Model-only anomaly; no rule reason is available.,Establish an explainable hypothesis before any escalation.,HUMAN DECISION REQUIRED,NOT ASSESSED OR FILED
INV-ENT-01010,ENT-01010,Ryan Conner,individual,self_employed,P2,OPEN TRIAGE,72,39.7,NONE,UNCLASSIFIED-MODEL-ONLY,1,108.38,Model-only anomaly; no rule reason is available.,Establish an explainable hypothesis before any escalation.,HUMAN DECISION REQUIRED,NOT ASSESSED OR FILED
INV-ENT-01023,ENT-01023,Joshua Brown,individual,gig,P2,OPEN TRIAGE,72,39.7,NONE,UNCLASSIFIED-MODEL-ONLY,1,1246.69,Model-only anomaly; no rule reason is available.,Establish an explainable hypothesis before any escalation.,HUMAN DECISION REQUIRED,NOT ASSESSED OR FILED
INV-ENT-01042,ENT-01042,Kyle Rose,individual,salaried,P2,OPEN TRIAGE,72,39.7,NONE,UNCLASSIFIED-MODEL-ONLY,1,8411.47,Model-only anomaly; no rule reason is available.,Establish an explainable hypothesis before any escalation.,HUMAN DECISION REQUIRED,NOT ASSESSED OR FILED
INV-ENT-01051,ENT-01051,Smith-Hardy 0001,business,wholesale,P2,OPEN TRIAGE,72,39.7,NONE,UNCLASSIFIED-MODEL-ONLY,1,718.53,Model-only anomaly; no rule reason is available.,Establish an explainable hypothesis before any escalation.,HUMAN DECISION REQUIRED,NOT ASSESSED OR FILED
INV-ENT-01058,ENT-01058,Thomas Ltd 0008,business,professional_services,P2,OPEN TRIAGE,72,39.7,NONE,UNCLASSIFIED-MODEL-ONLY,1,15959.76,Model-only anomaly; no rule reason is available.,Establish an explainable hypothesis before any escalation.,HUMAN DECISION REQUIRED,NOT ASSESSED OR FILED
INV-ENT-01061,ENT-01061,"Soto, Spence and Johnson 0011",business,professional_services,P2,OPEN TRIAGE,72,39.7,NONE,UNCLASSIFIED-MODEL-ONLY,3,32101.45,Model-only anomaly; no rule reason is available.,Establish an explainable hypothesis before any escalation.,HUMAN DECISION REQUIRED,NOT ASSESSED OR FILED
INV-ENT-01067,ENT-01067,Parker-Pope 0017,business,wholesale,P2,OPEN TRIAGE,72,39.7,NONE,UNCLASSIFIED-MODEL-ONLY,1,23670.41,Model-only anomaly; no rule reason is available.,Establish an explainable hypothesis before any escalation.,HUMAN DECISION REQUIRED,NOT ASSESSED OR FILED
INV-ENT-01071,ENT-01071,"Rodriguez, Morrison and Allen 0021",business,ecommerce,P2,OPEN TRIAGE,72,39.7,NONE,UNCLASSIFIED-MODEL-ONLY,1,1679.72,Model-only anomaly; no rule reason is available.,Establish an explainable hypothesis before any escalation.,HUMAN DECISION REQUIRED,NOT ASSESSED OR FILED
INV-ENT-01085,ENT-01085,Reeves Group 0035,business,professional_services,P2,OPEN TRIAGE,72,39.7,NONE,UNCLASSIFIED-MODEL-ONLY,1,70269.89,Model-only anomaly; no rule reason is available.,Establish an explainable hypothesis before any escalation.,HUMAN DECISION REQUIRED,NOT ASSESSED OR FILED
INV-ENT-01088,ENT-01088,Cole Inc 0038,business,ecommerce,P2,OPEN TRIAGE,72,39.7,NONE,UNCLASSIFIED-MODEL-ONLY,1,1906.32,Model-only anomaly; no rule reason is available.,Establish an explainable hypothesis before any escalation.,HUMAN DECISION REQUIRED,NOT ASSESSED OR FILED
INV-ENT-01124,ENT-01124,Collins-Jenkins 0074,business,retail_cash_intensive,P2,OPEN TRIAGE,72,39.7,NONE,UNCLASSIFIED-MODEL-ONLY,1,14000.0,Model-only anomaly; no rule reason is available.,Establish an explainable hypothesis before any escalation.,HUMAN DECISION REQUIRED,NOT ASSESSED OR FILED
INV-ENT-01132,ENT-01132,"Jones, Casey and Robinson 0082",business,wholesale,P2,OPEN TRIAGE,72,39.7,NONE,UNCLASSIFIED-MODEL-ONLY,3,22103.89,Model-only anomaly; no rule reason is available.,Establish an explainable hypothesis before any escalation.,HUMAN DECISION REQUIRED,NOT ASSESSED OR FILED
INV-ENT-01140,ENT-01140,Gibson Group 0090,business,wholesale,P2,OPEN TRIAGE,72,39.7,NONE,UNCLASSIFIED-MODEL-ONLY,1,12695.33,Model-only anomaly; no rule reason is available.,Establish an explainable hypothesis before any escalation.,HUMAN DECISION REQUIRED,NOT ASSESSED OR FILED
INV-ENT-01142,ENT-01142,Hill-Sanchez 0092,business,ecommerce,P2,OPEN TRIAGE,72,39.7,NONE,UNCLASSIFIED-MODEL-ONLY,1,1233.59,Model-only anomaly; no rule reason is available.,Establish an explainable hypothesis before any escalation.,HUMAN DECISION REQUIRED,NOT ASSESSED OR FILED
INV-ENT-01165,ENT-01165,Villarreal LLC 0115,business,ecommerce,P2,OPEN TRIAGE,72,39.7,NONE,UNCLASSIFIED-MODEL-ONLY,1,164.47,Model-only anomaly; no rule reason is available.,Establish an explainable hypothesis before any escalation.,HUMAN DECISION REQUIRED,NOT ASSESSED OR FILED
INV-ENT-01167,ENT-01167,Velazquez Ltd 0117,business,professional_services,P2,OPEN TRIAGE,72,39.7,NONE,UNCLASSIFIED-MODEL-ONLY,1,16945.05,Model-only anomaly; no rule reason is available.,Establish an explainable hypothesis before any escalation.,HUMAN DECISION REQUIRED,NOT ASSESSED OR FILED
INV-ENT-01169,ENT-01169,"Fuller, Johnson and Reid 0119",business,professional_services,P2,OPEN TRIAGE,72,39.7,NONE,UNCLASSIFIED-MODEL-ONLY,1,40038.29,Model-only anomaly; no rule reason is available.,Establish an explainable hypothesis before any escalation.,HUMAN DECISION REQUIRED,NOT ASSESSED OR FILED
INV-ENT-01171,ENT-01171,"Munoz, Rogers and Brown 0121",business,professional_services,P2,OPEN TRIAGE,72,39.7,NONE,UNCLASSIFIED-MODEL-ONLY,1,57372.74,Model-only anomaly; no rule reason is available.,Establish an explainable hypothesis before any escalation.,HUMAN DECISION REQUIRED,NOT ASSESSED OR FILED
INV-ENT-01183,ENT-01183,"Meadows, Ho and Peck 0133",business,professional_services,P2,OPEN TRIAGE,72,39.7,NONE,UNCLASSIFIED-MODEL-ONLY,3,36697.52,Model-only anomaly; no rule reason is available.,Establish an explainable hypothesis before any escalation.,HUMAN DECISION REQUIRED,NOT ASSESSED OR FILED
INV-ENT-01185,ENT-01185,Knight LLC 0135,business,retail_cash_intensive,P2,OPEN TRIAGE,72,39.7,NONE,UNCLASSIFIED-MODEL-ONLY,1,1000.0,Model-only anomaly; no rule reason is available.,Establish an explainable hypothesis before any escalation.,HUMAN DECISION REQUIRED,NOT ASSESSED OR FILED
INV-ENT-01201,ENT-01201,Copeland LLC 0151,business,wholesale,P2,OPEN TRIAGE,72,39.7,NONE,UNCLASSIFIED-MODEL-ONLY,2,5219.51,Model-only anomaly; no rule reason is available.,Establish an explainable hypothesis before any escalation.,HUMAN DECISION REQUIRED,NOT ASSESSED OR FILED
INV-ENT-01205,ENT-01205,Ruiz Group 0155,business,professional_services,P2,OPEN TRIAGE,72,39.7,NONE,UNCLASSIFIED-MODEL-ONLY,1,1000.0,Model-only anomaly; no rule reason is available.,Establish an explainable hypothesis before any escalation.,HUMAN DECISION REQUIRED,NOT ASSESSED OR FILED
INV-ENT-01206,ENT-01206,"Huang, Cochran and Jones 0156",business,ecommerce,P2,OPEN TRIAGE,72,39.7,NONE,UNCLASSIFIED-MODEL-ONLY,1,4492.2,Model-only anomaly; no rule reason is available.,Establish an explainable hypothesis before any escalation.,HUMAN DECISION REQUIRED,NOT ASSESSED OR FILED
INV-ENT-01207,ENT-01207,Thomas Group 0157,business,retail_cash_intensive,P2,OPEN TRIAGE,72,39.7,NONE,UNCLASSIFIED-MODEL-ONLY,1,1000.0,Model-only anomaly; no rule reason is available.,Establish an explainable hypothesis before any escalation.,HUMAN DECISION REQUIRED,NOT ASSESSED OR FILED
INV-ENT-01212,ENT-01212,"Williams, Edwards and Smith 0162",business,ecommerce,P2,OPEN TRIAGE,72,39.7,NONE,UNCLASSIFIED-MODEL-ONLY,2,31195.95,Model-only anomaly; no rule reason is available.,Establish an explainable hypothesis before any escalation.,HUMAN DECISION REQUIRED,NOT ASSESSED OR FILED
INV-ENT-01218,ENT-01218,Juarez Group 0168,business,professional_services,P2,OPEN TRIAGE,72,39.7,NONE,UNCLASSIFIED-MODEL-ONLY,1,55472.47,Model-only anomaly; no rule reason is available.,Establish an explainable hypothesis before any escalation.,HUMAN DECISION REQUIRED,NOT ASSESSED OR FILED
INV-ENT-01224,ENT-01224,Martinez Ltd 0174,business,professional_services,P2,OPEN TRIAGE,72,39.7,NONE,UNCLASSIFIED-MODEL-ONLY,1,38929.28,Model-only anomaly; no rule reason is available.,Establish an explainable hypothesis before any escalation.,HUMAN DECISION REQUIRED,NOT ASSESSED OR FILED
INV-ENT-01229,ENT-01229,Sloan Group 0179,business,wholesale,P2,OPEN TRIAGE,72,39.7,NONE,UNCLASSIFIED-MODEL-ONLY,1,18373.22,Model-only anomaly; no rule reason is available.,Establish an explainable hypothesis before any escalation.,HUMAN DECISION REQUIRED,NOT ASSESSED OR FILED
INV-ENT-01241,ENT-01241,Barber PLC 0191,business,professional_services,P2,OPEN TRIAGE,72,39.7,NONE,UNCLASSIFIED-MODEL-ONLY,1,23610.56,Model-only anomaly; no rule reason is available.,Establish an explainable hypothesis before any escalation.,HUMAN DECISION REQUIRED,NOT ASSESSED OR FILED
INV-ENT-01260,ENT-01260,Miller PLC 0210,business,wholesale,P2,OPEN TRIAGE,72,39.7,NONE,UNCLASSIFIED-MODEL-ONLY,1,660.66,Model-only anomaly; no rule reason is available.,Establish an explainable hypothesis before any escalation.,HUMAN DECISION REQUIRED,NOT ASSESSED OR FILED
INV-ENT-01280,ENT-01280,Stevens-Williams 0230,business,professional_services,P2,OPEN TRIAGE,72,39.7,NONE,UNCLASSIFIED-MODEL-ONLY,1,41834.46,Model-only anomaly; no rule reason is available.,Establish an explainable hypothesis before any escalation.,HUMAN DECISION REQUIRED,NOT ASSESSED OR FILED
INV-ENT-01282,ENT-01282,Delgado-Peck 0232,business,ecommerce,P2,OPEN TRIAGE,72,39.7,NONE,UNCLASSIFIED-MODEL-ONLY,1,1000.0,Model-only anomaly; no rule reason is available.,Establish an explainable hypothesis before any escalation.,HUMAN DECISION REQUIRED,NOT ASSESSED OR FILED
INV-ENT-01293,ENT-01293,Lane Inc 0243,business,ecommerce,P2,OPEN TRIAGE,72,39.7,NONE,UNCLASSIFIED-MODEL-ONLY,1,716.52,Model-only anomaly; no rule reason is available.,Establish an explainable hypothesis before any escalation.,HUMAN DECISION REQUIRED,NOT ASSESSED OR FILED
INV-ENT-01319,ENT-01319,Clark LLC 0269,business,professional_services,P2,OPEN TRIAGE,72,39.7,NONE,UNCLASSIFIED-MODEL-ONLY,1,53865.56,Model-only anomaly; no rule reason is available.,Establish an explainable hypothesis before any escalation.,HUMAN DECISION REQUIRED,NOT ASSESSED OR FILED
INV-ENT-01331,ENT-01331,Mccoy PLC 0281,business,ecommerce,P2,OPEN TRIAGE,72,39.7,NONE,UNCLASSIFIED-MODEL-ONLY,2,29272.45,Model-only anomaly; no rule reason is available.,Establish an explainable hypothesis before any escalation.,HUMAN DECISION REQUIRED,NOT ASSESSED OR FILED
INV-ENT-01349,ENT-01349,Gomez-Clarke 0299,business,professional_services,P2,OPEN TRIAGE,72,39.7,NONE,UNCLASSIFIED-MODEL-ONLY,1,83142.07,Model-only anomaly; no rule reason is available.,Establish an explainable hypothesis before any escalation.,HUMAN DECISION REQUIRED,NOT ASSESSED OR FILED
INV-ENT-01357,ENT-01357,"Hunt, Lawrence and Becker 0307",business,retail_cash_intensive,P2,OPEN TRIAGE,72,39.7,NONE,UNCLASSIFIED-MODEL-ONLY,1,14000.0,Model-only anomaly; no rule reason is available.,Establish an explainable hypothesis before any escalation.,HUMAN DECISION REQUIRED,NOT ASSESSED OR FILED
INV-ENT-01360,ENT-01360,Robinson and Sons 0310,business,professional_services,P2,OPEN TRIAGE,72,39.7,NONE,UNCLASSIFIED-MODEL-ONLY,2,22469.92,Model-only anomaly; no rule reason is available.,Establish an explainable hypothesis before any escalation.,HUMAN DECISION REQUIRED,NOT ASSESSED OR FILED
INV-ENT-01363,ENT-01363,Pearson-Patel 0313,business,professional_services,P2,OPEN TRIAGE,72,39.7,NONE,UNCLASSIFIED-MODEL-ONLY,1,1000.0,Model-only anomaly; no rule reason is available.,Establish an explainable hypothesis before any escalation.,HUMAN DECISION REQUIRED,NOT ASSESSED OR FILED
INV-ENT-01371,ENT-01371,Griffin-Sutton 0321,business,ecommerce,P2,OPEN TRIAGE,72,39.7,NONE,UNCLASSIFIED-MODEL-ONLY,2,2127.02,Model-only anomaly; no rule reason is available.,Establish an explainable hypothesis before any escalation.,HUMAN DECISION REQUIRED,NOT ASSESSED OR FILED
INV-ENT-01378,ENT-01378,"James, Moon and Smith 0328",business,professional_services,P2,OPEN TRIAGE,72,39.7,NONE,UNCLASSIFIED-MODEL-ONLY,1,1000.0,Model-only anomaly; no rule reason is available.,Establish an explainable hypothesis before any escalation.,HUMAN DECISION REQUIRED,NOT ASSESSED OR FILED
INV-ENT-01380,ENT-01380,Taylor Ltd 0330,business,ecommerce,P2,OPEN TRIAGE,72,39.7,NONE,UNCLASSIFIED-MODEL-ONLY,2,24581.0,Model-only anomaly; no rule reason is available.,Establish an explainable hypothesis before any escalation.,HUMAN DECISION REQUIRED,NOT ASSESSED OR FILED
INV-ENT-01381,ENT-01381,"Mcintyre, Byrd and Krueger 0331",business,retail_cash_intensive,P2,OPEN TRIAGE,72,39.7,NONE,UNCLASSIFIED-MODEL-ONLY,1,2000.0,Model-only anomaly; no rule reason is available.,Establish an explainable hypothesis before any escalation.,HUMAN DECISION REQUIRED,NOT ASSESSED OR FILED
INV-ENT-01397,ENT-01397,Thomas LLC 0347,business,professional_services,P2,OPEN TRIAGE,72,39.7,NONE,UNCLASSIFIED-MODEL-ONLY,2,38421.22,Model-only anomaly; no rule reason is available.,Establish an explainable hypothesis before any escalation.,HUMAN DECISION REQUIRED,NOT ASSESSED OR FILED
INV-ENT-01403,ENT-01403,"Harris, Kramer and Washington 0353",business,wholesale,P2,OPEN TRIAGE,72,39.7,NONE,UNCLASSIFIED-MODEL-ONLY,2,81412.29,Model-only anomaly; no rule reason is available.,Establish an explainable hypothesis before any escalation.,HUMAN DECISION REQUIRED,NOT ASSESSED OR FILED
INV-ENT-01424,ENT-01424,Scott-Moss 0374,business,wholesale,P2,OPEN TRIAGE,72,39.7,NONE,UNCLASSIFIED-MODEL-ONLY,1,1204.39,Model-only anomaly; no rule reason is available.,Establish an explainable hypothesis before any escalation.,HUMAN DECISION REQUIRED,NOT ASSESSED OR FILED
INV-ENT-01453,ENT-01453,"Schroeder, Robinson and Brown 0403",business,wholesale,P2,OPEN TRIAGE,72,39.7,NONE,UNCLASSIFIED-MODEL-ONLY,1,42442.96,Model-only anomaly; no rule reason is available.,Establish an explainable hypothesis before any escalation.,HUMAN DECISION REQUIRED,NOT ASSESSED OR FILED
INV-ENT-01497,ENT-01497,"Smith, Bailey and Johnson 0447",business,ecommerce,P2,OPEN TRIAGE,72,39.7,NONE,UNCLASSIFIED-MODEL-ONLY,1,621.99,Model-only anomaly; no rule reason is available.,Establish an explainable hypothesis before any escalation.,HUMAN DECISION REQUIRED,NOT ASSESSED OR FILED
INV-ENT-01498,ENT-01498,Delacruz-Wilson 0448,business,ecommerce,P2,OPEN TRIAGE,72,39.7,NONE,UNCLASSIFIED-MODEL-ONLY,1,1398.88,Model-only anomaly; no rule reason is available.,Establish an explainable hypothesis before any escalation.,HUMAN DECISION REQUIRED,NOT ASSESSED OR FILED
INV-ENT-00079,ENT-00079,Allison Hicks,individual,self_employed,P2,OPEN TRIAGE,72,39.6,NONE,UNCLASSIFIED-MODEL-ONLY,1,191.52,Model-only anomaly; no rule reason is available.,Establish an explainable hypothesis before any escalation.,HUMAN DECISION REQUIRED,NOT ASSESSED OR FILED
INV-ENT-00227,ENT-00227,Joseph Small,individual,salaried,P2,OPEN TRIAGE,72,39.6,NONE,UNCLASSIFIED-MODEL-ONLY,1,1000.0,Model-only anomaly; no rule reason is available.,Establish an explainable hypothesis before any escalation.,HUMAN DECISION REQUIRED,NOT ASSESSED OR FILED
INV-ENT-00430,ENT-00430,Matthew Daugherty,individual,salaried,P2,OPEN TRIAGE,72,39.6,NONE,UNCLASSIFIED-MODEL-ONLY,1,215.4,Model-only anomaly; no rule reason is available.,Establish an explainable hypothesis before any escalation.,HUMAN DECISION REQUIRED,NOT ASSESSED OR FILED
INV-ENT-00447,ENT-00447,Shelby Scott,individual,self_employed,P2,OPEN TRIAGE,72,39.6,NONE,UNCLASSIFIED-MODEL-ONLY,1,139.62,Model-only anomaly; no rule reason is available.,Establish an explainable hypothesis before any escalation.,HUMAN DECISION REQUIRED,NOT ASSESSED OR FILED
INV-ENT-00500,ENT-00500,Hunter Sanchez,individual,self_employed,P2,OPEN TRIAGE,72,39.6,NONE,UNCLASSIFIED-MODEL-ONLY,1,538.98,Model-only anomaly; no rule reason is available.,Establish an explainable hypothesis before any escalation.,HUMAN DECISION REQUIRED,NOT ASSESSED OR FILED
INV-ENT-00505,ENT-00505,Stephanie Andrews,individual,gig,P2,OPEN TRIAGE,72,39.6,NONE,UNCLASSIFIED-MODEL-ONLY,1,188.26,Model-only anomaly; no rule reason is available.,Establish an explainable hypothesis before any escalation.,HUMAN DECISION REQUIRED,NOT ASSESSED OR FILED
INV-ENT-00585,ENT-00585,Corey Pierce,individual,self_employed,P2,OPEN TRIAGE,72,39.6,NONE,UNCLASSIFIED-MODEL-ONLY,1,33646.65,Model-only anomaly; no rule reason is available.,Establish an explainable hypothesis before any escalation.,HUMAN DECISION REQUIRED,NOT ASSESSED OR FILED
INV-ENT-00966,ENT-00966,Laura Cross,individual,gig,P2,OPEN TRIAGE,72,39.6,NONE,UNCLASSIFIED-MODEL-ONLY,1,359.52,Model-only anomaly; no rule reason is available.,Establish an explainable hypothesis before any escalation.,HUMAN DECISION REQUIRED,NOT ASSESSED OR FILED
INV-ENT-00969,ENT-00969,Katherine Jones,individual,salaried,P2,OPEN TRIAGE,72,39.6,NONE,UNCLASSIFIED-MODEL-ONLY,1,1950.0,Model-only anomaly; no rule reason is available.,Establish an explainable hypothesis before any escalation.,HUMAN DECISION REQUIRED,NOT ASSESSED OR FILED
INV-ENT-01153,ENT-01153,"Novak, Powell and Smith 0103",business,ecommerce,P2,OPEN TRIAGE,72,39.6,NONE,UNCLASSIFIED-MODEL-ONLY,1,34779.67,Model-only anomaly; no rule reason is available.,Establish an explainable hypothesis before any escalation.,HUMAN DECISION REQUIRED,NOT ASSESSED OR FILED
INV-ENT-01217,ENT-01217,Johnson-Higgins 0167,business,ecommerce,P2,OPEN TRIAGE,72,39.6,NONE,UNCLASSIFIED-MODEL-ONLY,1,5480.34,Model-only anomaly; no rule reason is available.,Establish an explainable hypothesis before any escalation.,HUMAN DECISION REQUIRED,NOT ASSESSED OR FILED
INV-ENT-01231,ENT-01231,"Sawyer, Sanchez and Horn 0181",business,ecommerce,P2,OPEN TRIAGE,72,39.6,NONE,UNCLASSIFIED-MODEL-ONLY,1,27258.35,Model-only anomaly; no rule reason is available.,Establish an explainable hypothesis before any escalation.,HUMAN DECISION REQUIRED,NOT ASSESSED OR FILED
INV-ENT-01239,ENT-01239,Rogers-Gonzalez 0189,business,ecommerce,P2,OPEN TRIAGE,72,39.6,NONE,UNCLASSIFIED-MODEL-ONLY,1,3420.96,Model-only anomaly; no rule reason is available.,Establish an explainable hypothesis before any escalation.,HUMAN DECISION REQUIRED,NOT ASSESSED OR FILED
INV-ENT-01255,ENT-01255,Green-Love 0205,business,professional_services,P2,OPEN TRIAGE,72,39.6,NONE,UNCLASSIFIED-MODEL-ONLY,2,88924.16,Model-only anomaly; no rule reason is available.,Establish an explainable hypothesis before any escalation.,HUMAN DECISION REQUIRED,NOT ASSESSED OR FILED
INV-ENT-01257,ENT-01257,"Hunt, Morris and Gibson 0207",business,wholesale,P2,OPEN TRIAGE,72,39.6,NONE,UNCLASSIFIED-MODEL-ONLY,1,1784.4,Model-only anomaly; no rule reason is available.,Establish an explainable hypothesis before any escalation.,HUMAN DECISION REQUIRED,NOT ASSESSED OR FILED
INV-ENT-01261,ENT-01261,Burns PLC 0211,business,ecommerce,P2,OPEN TRIAGE,72,39.6,NONE,UNCLASSIFIED-MODEL-ONLY,1,816.77,Model-only anomaly; no rule reason is available.,Establish an explainable hypothesis before any escalation.,HUMAN DECISION REQUIRED,NOT ASSESSED OR FILED
INV-ENT-01262,ENT-01262,"Gilbert, Lopez and Schultz 0212",business,ecommerce,P2,OPEN TRIAGE,72,39.6,NONE,UNCLASSIFIED-MODEL-ONLY,1,3000.0,Model-only anomaly; no rule reason is available.,Establish an explainable hypothesis before any escalation.,HUMAN DECISION REQUIRED,NOT ASSESSED OR FILED
INV-ENT-01335,ENT-01335,"Tran, Mendoza and Alexander 0285",business,professional_services,P2,OPEN TRIAGE,72,39.6,NONE,UNCLASSIFIED-MODEL-ONLY,1,47307.76,Model-only anomaly; no rule reason is available.,Establish an explainable hypothesis before any escalation.,HUMAN DECISION REQUIRED,NOT ASSESSED OR FILED
INV-ENT-01386,ENT-01386,Vazquez-Freeman 0336,business,professional_services,P2,OPEN TRIAGE,72,39.6,NONE,UNCLASSIFIED-MODEL-ONLY,1,70428.44,Model-only anomaly; no rule reason is available.,Establish an explainable hypothesis before any escalation.,HUMAN DECISION REQUIRED,NOT ASSESSED OR FILED
INV-ENT-01395,ENT-01395,Sloan-Rogers 0345,business,professional_services,P2,OPEN TRIAGE,72,39.6,NONE,UNCLASSIFIED-MODEL-ONLY,1,20409.92,Model-only anomaly; no rule reason is available.,Establish an explainable hypothesis before any escalation.,HUMAN DECISION REQUIRED,NOT ASSESSED OR FILED
INV-ENT-01410,ENT-01410,Coleman-Sexton 0360,business,professional_services,P2,OPEN TRIAGE,72,39.6,NONE,UNCLASSIFIED-MODEL-ONLY,1,24416.93,Model-only anomaly; no rule reason is available.,Establish an explainable hypothesis before any escalation.,HUMAN DECISION REQUIRED,NOT ASSESSED OR FILED
INV-ENT-01458,ENT-01458,"Barrera, Long and Alexander 0408",business,ecommerce,P2,OPEN TRIAGE,72,39.6,NONE,UNCLASSIFIED-MODEL-ONLY,1,13773.85,Model-only anomaly; no rule reason is available.,Establish an explainable hypothesis before any escalation.,HUMAN DECISION REQUIRED,NOT ASSESSED OR FILED
INV-ENT-01478,ENT-01478,"Dickerson, Myers and Myers 0428",business,professional_services,P2,OPEN TRIAGE,72,39.6,NONE,UNCLASSIFIED-MODEL-ONLY,1,17171.32,Model-only anomaly; no rule reason is available.,Establish an explainable hypothesis before any escalation.,HUMAN DECISION REQUIRED,NOT ASSESSED OR FILED
